path,predicted_label,confidence,comic_prob,flagged
/Users/andrewyong/Pictures/GooglePhotos/library/2003-03-25/DonaldDuck_246-22.jpg,"a scanned comic book page with illustrated panels, cartoon drawings, and speech bubbles",1.000000,1.000000,True
/Users/andrewyong/Pictures/GooglePhotos/library/2003-03-25/DonaldDuck_246-20.jpg,"a scanned comic book page with illustrated panels, cartoon drawings, and speech bubbles",1.000000,1.000000,True
/Users/andrewyong/Pictures/GooglePhotos/library/2003-03-25/DonaldDuck_246-08.jpg,"a scanned comic book page with illustrated panels, cartoon drawings, and speech bubbles",1.000000,1.000000,True
/Users/andrewyong/Pictures/GooglePhotos/library/2003-03-25/DonaldDuck_246-09.jpg,"a scanned comic book page with illustrated panels, cartoon drawings, and speech bubbles",1.000000,1.000000,True
/Users/andrewyong/Pictures/GooglePhotos/library/2003-03-25/DonaldDuck_246-21.jpg,"a scanned comic book page with illustrated panels, cartoon drawings, and speech bubbles",1.000000,1.000000,True
/Users/andrewyong/Pictures/GooglePhotos/library/2003-03-25/DonaldDuck_246-19.jpg,"a scanned comic book page with illustrated panels, cartoon drawings, and speech bubbles",1.000000,1.000000,True
/Users/andrewyong/Pictures/GooglePhotos/library/2003-03-25/DonaldDuck_246-18.jpg,"a scanned comic book page with illustrated panels, cartoon drawings, and speech bubbles",1.000000,1.000000,True
/Users/andrewyong/Pictures/GooglePhotos/library/2003-03-25/DonaldDuck_246-16.jpg,"a scanned comic book page with illustrated panels, cartoon drawings, and speech bubbles",1.000000,1.000000,True
/Users/andrewyong/Pictures/GooglePhotos/library/2003-03-25/DonaldDuck_246-03.jpg,"a scanned comic book page with illustrated panels, cartoon drawings, and speech bubbles",1.000000,1.000000,True
/Users/andrewyong/Pictures/GooglePhotos/library/2003-03-25/DonaldDuck_246-17.jpg,"a scanned comic book page with illustrated panels, cartoon drawings, and speech bubbles",1.000000,1.000000,True
/Users/andrewyong/Pictures/GooglePhotos/library/2003-03-25/DonaldDuck_246-14.jpg,"a scanned comic book page with illustrated panels, cartoon drawings, and speech bubbles",1.000000,1.000000,True
/Users/andrewyong/Pictures/GooglePhotos/library/2003-03-25/DonaldDuck_246-04.jpg,"a scanned comic book page with illustrated panels, cartoon drawings, and speech bubbles",1.000000,1.000000,True
/Users/andrewyong/Pictures/GooglePhotos/library/2003-03-25/DonaldDuck_246-10.jpg,"a scanned comic book page with illustrated panels, cartoon drawings, and speech bubbles",1.000000,1.000000,True
/Users/andrewyong/Pictures/GooglePhotos/library/2003-03-25/DonaldDuck_246-11.jpg,"a scanned comic book page with illustrated panels, cartoon drawings, and speech bubbles",1.000000,1.000000,True
/Users/andrewyong/Pictures/GooglePhotos/library/2003-03-25/DonaldDuck_246-13.jpg,"a scanned comic book page with illustrated panels, cartoon drawings, and speech bubbles",1.000000,1.000000,True
/Users/andrewyong/Pictures/GooglePhotos/library/2003-03-25/DonaldDuck_246-07.jpg,"a scanned comic book page with illustrated panels, cartoon drawings, and speech bubbles",1.000000,1.000000,True
/Users/andrewyong/Pictures/GooglePhotos/library/2003-03-25/DonaldDuck_246-06.jpg,"a scanned comic book page with illustrated panels, cartoon drawings, and speech bubbles",1.000000,1.000000,True
/Users/andrewyong/Pictures/GooglePhotos/library/2003-03-25/DonaldDuck_246-12.jpg,"a scanned comic book page with illustrated panels, cartoon drawings, and speech bubbles",1.000000,1.000000,True
/Users/andrewyong/Pictures/GooglePhotos/library/2005-06-25/01(40).jpg,"a scanned comic book page with illustrated panels, cartoon drawings, and speech bubbles",1.000000,1.000000,True
/Users/andrewyong/Pictures/GooglePhotos/library/2005-06-25/06(25).jpg,"a scanned comic book page with illustrated panels, cartoon drawings, and speech bubbles",1.000000,1.000000,True
/Users/andrewyong/Pictures/GooglePhotos/library/2005-06-25/02(27).jpg,"a scanned comic book page with illustrated panels, cartoon drawings, and speech bubbles",1.000000,1.000000,True
/Users/andrewyong/Pictures/GooglePhotos/library/2005-06-25/03(27).jpg,"a scanned comic book page with illustrated panels, cartoon drawings, and speech bubbles",1.000000,1.000000,True
/Users/andrewyong/Pictures/GooglePhotos/library/2005-06-25/05(25).jpg,"a scanned comic book page with illustrated panels, cartoon drawings, and speech bubbles",1.000000,1.000000,True
/Users/andrewyong/Pictures/GooglePhotos/library/2005-06-25/04(27).jpg,"a scanned comic book page with illustrated panels, cartoon drawings, and speech bubbles",1.000000,1.000000,True
/Users/andrewyong/Pictures/GooglePhotos/library/2007-09-09/Uncle_Scrooge_Adv_53_29.jpg,"a scanned comic book page with illustrated panels, cartoon drawings, and speech bubbles",1.000000,1.000000,True
/Users/andrewyong/Pictures/GooglePhotos/library/2007-09-09/Uncle_Scrooge_Adv_53_15.jpg,"a scanned comic book page with illustrated panels, cartoon drawings, and speech bubbles",1.000000,1.000000,True
/Users/andrewyong/Pictures/GooglePhotos/library/2007-09-09/Uncle_Scrooge_Adv_53_28.jpg,"a scanned comic book page with illustrated panels, cartoon drawings, and speech bubbles",1.000000,1.000000,True
/Users/andrewyong/Pictures/GooglePhotos/library/2007-09-09/Uncle_Scrooge_Adv_53_16.jpg,"a scanned comic book page with illustrated panels, cartoon drawings, and speech bubbles",1.000000,1.000000,True
/Users/andrewyong/Pictures/GooglePhotos/library/2007-09-09/Uncle_Scrooge_Adv_53_03.jpg,"a scanned comic book page with illustrated panels, cartoon drawings, and speech bubbles",1.000000,1.000000,True
/Users/andrewyong/Pictures/GooglePhotos/library/2007-09-09/Uncle_Scrooge_Adv_53_25.jpg,"a scanned comic book page with illustrated panels, cartoon drawings, and speech bubbles",1.000000,1.000000,True
/Users/andrewyong/Pictures/GooglePhotos/library/2007-09-09/Uncle_Scrooge_Adv_53_19.jpg,"a scanned comic book page with illustrated panels, cartoon drawings, and speech bubbles",1.000000,1.000000,True
/Users/andrewyong/Pictures/GooglePhotos/library/2007-09-09/Uncle_Scrooge_Adv_53_24.jpg,"a scanned comic book page with illustrated panels, cartoon drawings, and speech bubbles",1.000000,1.000000,True
/Users/andrewyong/Pictures/GooglePhotos/library/2007-09-09/Uncle_Scrooge_Adv_53_23.jpg,"a scanned comic book page with illustrated panels, cartoon drawings, and speech bubbles",1.000000,1.000000,True
/Users/andrewyong/Pictures/GooglePhotos/library/2004-04-19/12(11).jpg,"a scanned comic book page with illustrated panels, cartoon drawings, and speech bubbles",1.000000,1.000000,True
/Users/andrewyong/Pictures/GooglePhotos/library/2004-04-19/06(29).jpg,"a scanned comic book page with illustrated panels, cartoon drawings, and speech bubbles",1.000000,1.000000,True
/Users/andrewyong/Pictures/GooglePhotos/library/2004-04-19/13(10).jpg,"a scanned comic book page with illustrated panels, cartoon drawings, and speech bubbles",1.000000,1.000000,True
/Users/andrewyong/Pictures/GooglePhotos/library/2004-04-19/18(6).jpg,"a scanned comic book page with illustrated panels, cartoon drawings, and speech bubbles",1.000000,1.000000,True
/Users/andrewyong/Pictures/GooglePhotos/library/2004-04-19/02(31).jpg,"a scanned comic book page with illustrated panels, cartoon drawings, and speech bubbles",1.000000,1.000000,True
/Users/andrewyong/Pictures/GooglePhotos/library/2004-04-19/20(6).jpg,"a scanned comic book page with illustrated panels, cartoon drawings, and speech bubbles",1.000000,1.000000,True
/Users/andrewyong/Pictures/GooglePhotos/library/2004-04-19/11(11).jpg,"a scanned comic book page with illustrated panels, cartoon drawings, and speech bubbles",1.000000,1.000000,True
/Users/andrewyong/Pictures/GooglePhotos/library/2004-04-19/15(8).jpg,"a scanned comic book page with illustrated panels, cartoon drawings, and speech bubbles",1.000000,1.000000,True
/Users/andrewyong/Pictures/GooglePhotos/library/2004-04-19/05(29).jpg,"a scanned comic book page with illustrated panels, cartoon drawings, and speech bubbles",1.000000,1.000000,True
/Users/andrewyong/Pictures/GooglePhotos/library/2004-04-19/09(27).jpg,"a scanned comic book page with illustrated panels, cartoon drawings, and speech bubbles",1.000000,1.000000,True
/Users/andrewyong/Pictures/GooglePhotos/library/2004-04-19/10(27).jpg,"a scanned comic book page with illustrated panels, cartoon drawings, and speech bubbles",1.000000,1.000000,True
/Users/andrewyong/Pictures/GooglePhotos/library/2004-04-19/17(7).jpg,"a scanned comic book page with illustrated panels, cartoon drawings, and speech bubbles",1.000000,1.000000,True
/Users/andrewyong/Pictures/GooglePhotos/library/2004-04-19/04(30).jpg,"a scanned comic book page with illustrated panels, cartoon drawings, and speech bubbles",1.000000,1.000000,True
/Users/andrewyong/Pictures/GooglePhotos/library/2004-04-19/19(6).jpg,"a scanned comic book page with illustrated panels, cartoon drawings, and speech bubbles",1.000000,1.000000,True
/Users/andrewyong/Pictures/GooglePhotos/library/2004-04-19/01(44).jpg,"a scanned comic book page with illustrated panels, cartoon drawings, and speech bubbles",1.000000,1.000000,True
/Users/andrewyong/Pictures/GooglePhotos/library/2004-04-19/08(28).jpg,"a scanned comic book page with illustrated panels, cartoon drawings, and speech bubbles",1.000000,1.000000,True
/Users/andrewyong/Pictures/GooglePhotos/library/2004-04-19/14(9).jpg,"a scanned comic book page with illustrated panels, cartoon drawings, and speech bubbles",1.000000,1.000000,True
/Users/andrewyong/Pictures/GooglePhotos/library/2003-08-23/cbl_in_color11_49.jpg,"a scanned comic book page with illustrated panels, cartoon drawings, and speech bubbles",1.000000,1.000000,True
/Users/andrewyong/Pictures/GooglePhotos/library/2003-08-23/cbl_in_color11_58.jpg,"a scanned comic book page with illustrated panels, cartoon drawings, and speech bubbles",1.000000,1.000000,True
/Users/andrewyong/Pictures/GooglePhotos/library/2003-08-23/cbl_in_color11_20.jpg,"a scanned comic book page with illustrated panels, cartoon drawings, and speech bubbles",1.000000,1.000000,True
/Users/andrewyong/Pictures/GooglePhotos/library/2003-08-23/cbl_in_color11_23.jpg,"a scanned comic book page with illustrated panels, cartoon drawings, and speech bubbles",1.000000,1.000000,True
/Users/andrewyong/Pictures/GooglePhotos/library/2003-08-23/cbl_in_color11_27.jpg,"a scanned comic book page with illustrated panels, cartoon drawings, and speech bubbles",1.000000,1.000000,True
/Users/andrewyong/Pictures/GooglePhotos/library/2003-08-23/cbl_in_color11_26.jpg,"a scanned comic book page with illustrated panels, cartoon drawings, and speech bubbles",1.000000,1.000000,True
/Users/andrewyong/Pictures/GooglePhotos/library/2003-08-23/cbl_in_color11_24.jpg,"a scanned comic book page with illustrated panels, cartoon drawings, and speech bubbles",1.000000,1.000000,True
/Users/andrewyong/Pictures/GooglePhotos/library/2003-08-23/cbl_in_color11_19.jpg,"a scanned comic book page with illustrated panels, cartoon drawings, and speech bubbles",1.000000,1.000000,True
/Users/andrewyong/Pictures/GooglePhotos/library/2003-08-23/cbl_in_color11_57.jpg,"a scanned comic book page with illustrated panels, cartoon drawings, and speech bubbles",1.000000,1.000000,True
/Users/andrewyong/Pictures/GooglePhotos/library/2003-08-23/cbl_in_color11_55.jpg,"a scanned comic book page with illustrated panels, cartoon drawings, and speech bubbles",1.000000,1.000000,True
/Users/andrewyong/Pictures/GooglePhotos/library/2003-08-23/cbl_in_color11_54.jpg,"a scanned comic book page with illustrated panels, cartoon drawings, and speech bubbles",1.000000,1.000000,True
/Users/andrewyong/Pictures/GooglePhotos/library/2003-08-23/cbl_in_color11_50.jpg,"a scanned comic book page with illustrated panels, cartoon drawings, and speech bubbles",1.000000,1.000000,True
/Users/andrewyong/Pictures/GooglePhotos/library/2003-08-23/cbl_in_color11_52.jpg,"a scanned comic book page with illustrated panels, cartoon drawings, and speech bubbles",1.000000,1.000000,True
/Users/andrewyong/Pictures/GooglePhotos/library/_no_timestamp/03(1)_1.jpg,"a scanned comic book page with illustrated panels, cartoon drawings, and speech bubbles",1.000000,1.000000,True
/Users/andrewyong/Pictures/GooglePhotos/library/_no_timestamp/02(1)_1.jpg,"a scanned comic book page with illustrated panels, cartoon drawings, and speech bubbles",1.000000,1.000000,True
/Users/andrewyong/Pictures/GooglePhotos/library/_no_timestamp/04(1)_1.jpg,"a scanned comic book page with illustrated panels, cartoon drawings, and speech bubbles",1.000000,1.000000,True
/Users/andrewyong/Pictures/GooglePhotos/library/_no_timestamp/05(1)_1.jpg,"a scanned comic book page with illustrated panels, cartoon drawings, and speech bubbles",1.000000,1.000000,True
/Users/andrewyong/Pictures/GooglePhotos/library/_no_timestamp/01(3)_1.jpg,"a scanned comic book page with illustrated panels, cartoon drawings, and speech bubbles",1.000000,1.000000,True
/Users/andrewyong/Pictures/GooglePhotos/library/_no_timestamp/10(1)_1.jpg,"a scanned comic book page with illustrated panels, cartoon drawings, and speech bubbles",1.000000,1.000000,True
/Users/andrewyong/Pictures/GooglePhotos/library/_no_timestamp/07(1)_1.jpg,"a scanned comic book page with illustrated panels, cartoon drawings, and speech bubbles",1.000000,1.000000,True
/Users/andrewyong/Pictures/GooglePhotos/library/_no_timestamp/06(1)_1.jpg,"a scanned comic book page with illustrated panels, cartoon drawings, and speech bubbles",1.000000,1.000000,True
/Users/andrewyong/Pictures/GooglePhotos/library/_no_timestamp/09(1)(1).jpg,"a scanned comic book page with illustrated panels, cartoon drawings, and speech bubbles",1.000000,1.000000,True
/Users/andrewyong/Pictures/GooglePhotos/library/2006-04-08/05(1)(1).jpg,"a scanned comic book page with illustrated panels, cartoon drawings, and speech bubbles",1.000000,1.000000,True
/Users/andrewyong/Pictures/GooglePhotos/library/2003-08-21/cbl_in_color_11_18.jpg,"a scanned comic book page with illustrated panels, cartoon drawings, and speech bubbles",1.000000,1.000000,True
/Users/andrewyong/Pictures/GooglePhotos/library/2003-08-21/cbl_in_color_11_14.jpg,"a scanned comic book page with illustrated panels, cartoon drawings, and speech bubbles",1.000000,1.000000,True
/Users/andrewyong/Pictures/GooglePhotos/library/2003-08-21/cbl_in_color_11_17.jpg,"a scanned comic book page with illustrated panels, cartoon drawings, and speech bubbles",1.000000,1.000000,True
/Users/andrewyong/Pictures/GooglePhotos/library/2003-08-21/cbl_in_color_11_10.jpg,"a scanned comic book page with illustrated panels, cartoon drawings, and speech bubbles",1.000000,1.000000,True
/Users/andrewyong/Pictures/GooglePhotos/library/2003-03-25/DonaldDuck_246-05.jpg,"a scanned comic book page with illustrated panels, cartoon drawings, and speech bubbles",0.999999,0.999999,True
/Users/andrewyong/Pictures/GooglePhotos/library/2007-09-09/Uncle_Scrooge_Adv_53_13.jpg,"a scanned comic book page with illustrated panels, cartoon drawings, and speech bubbles",0.999999,0.999999,True
/Users/andrewyong/Pictures/GooglePhotos/library/2007-09-09/Uncle_Scrooge_Adv_53_10.jpg,"a scanned comic book page with illustrated panels, cartoon drawings, and speech bubbles",0.999999,0.999999,True
/Users/andrewyong/Pictures/GooglePhotos/library/2007-09-09/Uncle_Scrooge_Adv_53_11.jpg,"a scanned comic book page with illustrated panels, cartoon drawings, and speech bubbles",0.999999,0.999999,True
/Users/andrewyong/Pictures/GooglePhotos/library/2007-09-09/Uncle_Scrooge_Adv_53_17.jpg,"a scanned comic book page with illustrated panels, cartoon drawings, and speech bubbles",0.999999,0.999999,True
/Users/andrewyong/Pictures/GooglePhotos/library/2007-09-09/Uncle_Scrooge_Adv_53_26.jpg,"a scanned comic book page with illustrated panels, cartoon drawings, and speech bubbles",0.999999,0.999999,True
/Users/andrewyong/Pictures/GooglePhotos/library/2007-09-09/Uncle_Scrooge_Adv_53_32.jpg,"a scanned comic book page with illustrated panels, cartoon drawings, and speech bubbles",0.999999,0.999999,True
/Users/andrewyong/Pictures/GooglePhotos/library/2007-09-09/Uncle_Scrooge_Adv_53_27.jpg,"a scanned comic book page with illustrated panels, cartoon drawings, and speech bubbles",0.999999,0.999999,True
/Users/andrewyong/Pictures/GooglePhotos/library/2007-09-09/Uncle_Scrooge_Adv_53_31.jpg,"a scanned comic book page with illustrated panels, cartoon drawings, and speech bubbles",0.999999,0.999999,True
/Users/andrewyong/Pictures/GooglePhotos/library/2007-09-09/Uncle_Scrooge_Adv_53_18.jpg,"a scanned comic book page with illustrated panels, cartoon drawings, and speech bubbles",0.999999,0.999999,True
/Users/andrewyong/Pictures/GooglePhotos/library/2007-09-09/Uncle_Scrooge_Adv_53_34.jpg,"a scanned comic book page with illustrated panels, cartoon drawings, and speech bubbles",0.999999,0.999999,True
/Users/andrewyong/Pictures/GooglePhotos/library/2007-09-09/Uncle_Scrooge_Adv_53_22.jpg,"a scanned comic book page with illustrated panels, cartoon drawings, and speech bubbles",0.999999,0.999999,True
/Users/andrewyong/Pictures/GooglePhotos/library/2004-04-19/07(28).jpg,"a scanned comic book page with illustrated panels, cartoon drawings, and speech bubbles",0.999999,0.999999,True
/Users/andrewyong/Pictures/GooglePhotos/library/2004-04-19/03(31).jpg,"a scanned comic book page with illustrated panels, cartoon drawings, and speech bubbles",0.999999,0.999999,True
/Users/andrewyong/Pictures/GooglePhotos/library/2004-04-19/16(8).jpg,"a scanned comic book page with illustrated panels, cartoon drawings, and speech bubbles",0.999999,0.999999,True
/Users/andrewyong/Pictures/GooglePhotos/library/2003-08-23/cbl_in_color11_28.jpg,"a scanned comic book page with illustrated panels, cartoon drawings, and speech bubbles",0.999999,0.999999,True
/Users/andrewyong/Pictures/GooglePhotos/library/2003-08-23/cbl_in_color11_22.jpg,"a scanned comic book page with illustrated panels, cartoon drawings, and speech bubbles",0.999999,0.999999,True
/Users/andrewyong/Pictures/GooglePhotos/library/2003-08-23/cbl_in_color11_25.jpg,"a scanned comic book page with illustrated panels, cartoon drawings, and speech bubbles",0.999999,0.999999,True
/Users/andrewyong/Pictures/GooglePhotos/library/2003-08-23/cbl_in_color11_56.jpg,"a scanned comic book page with illustrated panels, cartoon drawings, and speech bubbles",0.999999,0.999999,True
/Users/andrewyong/Pictures/GooglePhotos/library/2003-08-23/cbl_in_color11_51.jpg,"a scanned comic book page with illustrated panels, cartoon drawings, and speech bubbles",0.999999,0.999999,True
/Users/andrewyong/Pictures/GooglePhotos/library/2003-08-23/cbl_in_color11_53.jpg,"a scanned comic book page with illustrated panels, cartoon drawings, and speech bubbles",0.999999,0.999999,True
/Users/andrewyong/Pictures/GooglePhotos/library/_no_timestamp/08(1)_1.jpg,"a scanned comic book page with illustrated panels, cartoon drawings, and speech bubbles",0.999999,0.999999,True
/Users/andrewyong/Pictures/GooglePhotos/library/2003-08-21/cbl_in_color_11_15.jpg,"a scanned comic book page with illustrated panels, cartoon drawings, and speech bubbles",0.999999,0.999999,True
/Users/andrewyong/Pictures/GooglePhotos/library/2003-08-21/cbl_in_color_11_16.jpg,"a scanned comic book page with illustrated panels, cartoon drawings, and speech bubbles",0.999999,0.999999,True
/Users/andrewyong/Pictures/GooglePhotos/library/2003-08-21/cbl_in_color_11_13.jpg,"a scanned comic book page with illustrated panels, cartoon drawings, and speech bubbles",0.999999,0.999999,True
/Users/andrewyong/Pictures/GooglePhotos/library/2003-08-21/cbl_in_color_11_11.jpg,"a scanned comic book page with illustrated panels, cartoon drawings, and speech bubbles",0.999999,0.999999,True
/Users/andrewyong/Pictures/GooglePhotos/library/2007-09-09/Uncle_Scrooge_Adv_53_21.jpg,"a scanned comic book page with illustrated panels, cartoon drawings, and speech bubbles",0.999998,0.999998,True
/Users/andrewyong/Pictures/GooglePhotos/library/2007-09-09/Uncle_Scrooge_Adv_53_07.jpg,"a scanned comic book page with illustrated panels, cartoon drawings, and speech bubbles",0.999997,0.999997,True
/Users/andrewyong/Pictures/GooglePhotos/library/2007-09-09/Uncle_Scrooge_Adv_53_12.jpg,"a scanned comic book page with illustrated panels, cartoon drawings, and speech bubbles",0.999997,0.999997,True
/Users/andrewyong/Pictures/GooglePhotos/library/2007-09-09/Uncle_Scrooge_Adv_53_05.jpg,"a scanned comic book page with illustrated panels, cartoon drawings, and speech bubbles",0.999997,0.999997,True
/Users/andrewyong/Pictures/GooglePhotos/library/2007-09-09/Uncle_Scrooge_Adv_53_14.jpg,"a scanned comic book page with illustrated panels, cartoon drawings, and speech bubbles",0.999997,0.999997,True
/Users/andrewyong/Pictures/GooglePhotos/library/2007-09-09/Uncle_Scrooge_Adv_53_09.jpg,"a scanned comic book page with illustrated panels, cartoon drawings, and speech bubbles",0.999997,0.999997,True
/Users/andrewyong/Pictures/GooglePhotos/library/2007-09-09/Uncle_Scrooge_Adv_53_36_BC.jpg,"a scanned comic book page with illustrated panels, cartoon drawings, and speech bubbles",0.999996,0.999996,True
/Users/andrewyong/Pictures/GooglePhotos/library/2007-09-09/Uncle_Scrooge_Adv_53_06.jpg,"a scanned comic book page with illustrated panels, cartoon drawings, and speech bubbles",0.999996,0.999996,True
/Users/andrewyong/Pictures/GooglePhotos/library/2007-09-09/Uncle_Scrooge_Adv_53_08.jpg,"a scanned comic book page with illustrated panels, cartoon drawings, and speech bubbles",0.999996,0.999996,True
/Users/andrewyong/Pictures/GooglePhotos/library/2003-08-23/cbl_in_color11_21.jpg,"a scanned comic book page with illustrated panels, cartoon drawings, and speech bubbles",0.999995,0.999995,True
/Users/andrewyong/Pictures/GooglePhotos/library/2007-09-09/Uncle_Scrooge_Adv_53_20.jpg,"a scanned comic book page with illustrated panels, cartoon drawings, and speech bubbles",0.999994,0.999994,True
/Users/andrewyong/Pictures/GooglePhotos/library/2003-08-21/cbl_in_color_11_12.jpg,"a scanned comic book page with illustrated panels, cartoon drawings, and speech bubbles",0.999994,0.999994,True
/Users/andrewyong/Pictures/GooglePhotos/library/2007-09-09/Uncle_Scrooge_Adv_53_33.jpg,"a scanned comic book page with illustrated panels, cartoon drawings, and speech bubbles",0.999993,0.999993,True
/Users/andrewyong/Pictures/GooglePhotos/library/_no_timestamp/01(2)_1.jpg,"a scanned comic book page with illustrated panels, cartoon drawings, and speech bubbles",0.999992,0.999992,True
/Users/andrewyong/Pictures/GooglePhotos/library/2007-09-09/Uncle_Scrooge_Adv_53_04.jpg,"a scanned comic book page with illustrated panels, cartoon drawings, and speech bubbles",0.999991,0.999991,True
/Users/andrewyong/Pictures/GooglePhotos/library/2003-08-21/cbl_in_color_11_09.jpg,"a scanned comic book page with illustrated panels, cartoon drawings, and speech bubbles",0.999987,0.999987,True
/Users/andrewyong/Pictures/GooglePhotos/library/2007-09-09/Uncle_Scrooge_Adv_53_35.jpg,"a scanned comic book page with illustrated panels, cartoon drawings, and speech bubbles",0.999931,0.999931,True
/Users/andrewyong/Pictures/GooglePhotos/library/2007-09-09/Uncle_Scrooge_Adv_53_01_FC.jpg,"a scanned comic book page with illustrated panels, cartoon drawings, and speech bubbles",0.999918,0.999918,True
/Users/andrewyong/Pictures/GooglePhotos/library/_no_timestamp/cover(1963).jpg,"a scanned comic book page with illustrated panels, cartoon drawings, and speech bubbles",0.999905,0.999905,True
/Users/andrewyong/Pictures/GooglePhotos/library/2007-02-04/cover(17).jpg,"a scanned comic book page with illustrated panels, cartoon drawings, and speech bubbles",0.999903,0.999903,True
/Users/andrewyong/Pictures/GooglePhotos/library/_no_timestamp/cover(3434).jpg,"a scanned comic book page with illustrated panels, cartoon drawings, and speech bubbles",0.999898,0.999898,True
/Users/andrewyong/Pictures/GooglePhotos/library/_no_timestamp/cover(1205).jpg,"a scanned comic book page with illustrated panels, cartoon drawings, and speech bubbles",0.999880,0.999880,True
/Users/andrewyong/Pictures/GooglePhotos/library/_no_timestamp/cover(1946).jpg,"a scanned comic book page with illustrated panels, cartoon drawings, and speech bubbles",0.999828,0.999828,True
/Users/andrewyong/Pictures/GooglePhotos/library/_no_timestamp/cover(1256).jpg,"a scanned comic book page with illustrated panels, cartoon drawings, and speech bubbles",0.999772,0.999772,True
/Users/andrewyong/Pictures/GooglePhotos/library/_no_timestamp/cover(2605).jpg,"a scanned comic book page with illustrated panels, cartoon drawings, and speech bubbles",0.999704,0.999704,True
/Users/andrewyong/Pictures/GooglePhotos/library/_no_timestamp/cover(1956).jpg,"a scanned comic book page with illustrated panels, cartoon drawings, and speech bubbles",0.999671,0.999671,True
/Users/andrewyong/Pictures/GooglePhotos/library/_no_timestamp/cover(3418).jpg,"a scanned comic book page with illustrated panels, cartoon drawings, and speech bubbles",0.999666,0.999666,True
/Users/andrewyong/Pictures/GooglePhotos/library/_no_timestamp/cover(3098).jpg,"a scanned comic book page with illustrated panels, cartoon drawings, and speech bubbles",0.999633,0.999633,True
/Users/andrewyong/Pictures/GooglePhotos/library/_no_timestamp/cover(445).jpg,"a scanned comic book page with illustrated panels, cartoon drawings, and speech bubbles",0.999617,0.999617,True
/Users/andrewyong/Pictures/GooglePhotos/library/_no_timestamp/cover(940).jpg,"a scanned comic book page with illustrated panels, cartoon drawings, and speech bubbles",0.999613,0.999613,True
/Users/andrewyong/Pictures/GooglePhotos/library/2007-06-07/cover(12).jpg,"a scanned comic book page with illustrated panels, cartoon drawings, and speech bubbles",0.999501,0.999501,True
/Users/andrewyong/Pictures/GooglePhotos/library/_no_timestamp/cover(4228).jpg,"a scanned comic book page with illustrated panels, cartoon drawings, and speech bubbles",0.999478,0.999478,True
/Users/andrewyong/Pictures/GooglePhotos/library/_no_timestamp/cover(2872).jpg,"a scanned comic book page with illustrated panels, cartoon drawings, and speech bubbles",0.999455,0.999455,True
/Users/andrewyong/Pictures/GooglePhotos/library/_no_timestamp/cover(3353).jpg,"a scanned comic book page with illustrated panels, cartoon drawings, and speech bubbles",0.999432,0.999432,True
/Users/andrewyong/Pictures/GooglePhotos/library/2007-09-09/Uncle_Scrooge_Adv_53_30.jpg,"a scanned comic book page with illustrated panels, cartoon drawings, and speech bubbles",0.999288,0.999288,True
/Users/andrewyong/Pictures/GooglePhotos/library/_no_timestamp/cover(616).jpg,"a scanned comic book page with illustrated panels, cartoon drawings, and speech bubbles",0.999238,0.999238,True
/Users/andrewyong/Pictures/GooglePhotos/library/_no_timestamp/cover(2049).jpg,"a scanned comic book page with illustrated panels, cartoon drawings, and speech bubbles",0.999212,0.999212,True
/Users/andrewyong/Pictures/GooglePhotos/library/_no_timestamp/cover(3840).jpg,"a scanned comic book page with illustrated panels, cartoon drawings, and speech bubbles",0.999202,0.999202,True
/Users/andrewyong/Pictures/GooglePhotos/library/2005-11-03/28.jpg,"a scanned comic book page with illustrated panels, cartoon drawings, and speech bubbles",1.000000,1.000000,True
/Users/andrewyong/Pictures/GooglePhotos/library/2005-11-03/29.jpg,"a scanned comic book page with illustrated panels, cartoon drawings, and speech bubbles",1.000000,1.000000,True
/Users/andrewyong/Pictures/GooglePhotos/library/2005-11-03/33.jpg,"a scanned comic book page with illustrated panels, cartoon drawings, and speech bubbles",1.000000,1.000000,True
/Users/andrewyong/Pictures/GooglePhotos/library/2005-11-03/27.jpg,"a scanned comic book page with illustrated panels, cartoon drawings, and speech bubbles",1.000000,1.000000,True
/Users/andrewyong/Pictures/GooglePhotos/library/2005-11-03/32.jpg,"a scanned comic book page with illustrated panels, cartoon drawings, and speech bubbles",1.000000,1.000000,True
/Users/andrewyong/Pictures/GooglePhotos/library/2005-11-03/30.jpg,"a scanned comic book page with illustrated panels, cartoon drawings, and speech bubbles",1.000000,1.000000,True
/Users/andrewyong/Pictures/GooglePhotos/library/2005-11-03/31.jpg,"a scanned comic book page with illustrated panels, cartoon drawings, and speech bubbles",1.000000,1.000000,True
/Users/andrewyong/Pictures/GooglePhotos/library/2007-02-14/28.jpg,"a scanned comic book page with illustrated panels, cartoon drawings, and speech bubbles",1.000000,1.000000,True
/Users/andrewyong/Pictures/GooglePhotos/library/2007-02-14/33.jpg,"a scanned comic book page with illustrated panels, cartoon drawings, and speech bubbles",1.000000,1.000000,True
/Users/andrewyong/Pictures/GooglePhotos/library/2007-02-14/27.jpg,"a scanned comic book page with illustrated panels, cartoon drawings, and speech bubbles",1.000000,1.000000,True
/Users/andrewyong/Pictures/GooglePhotos/library/2007-02-14/26.jpg,"a scanned comic book page with illustrated panels, cartoon drawings, and speech bubbles",1.000000,1.000000,True
/Users/andrewyong/Pictures/GooglePhotos/library/2007-02-14/32.jpg,"a scanned comic book page with illustrated panels, cartoon drawings, and speech bubbles",1.000000,1.000000,True
/Users/andrewyong/Pictures/GooglePhotos/library/2007-02-14/30.jpg,"a scanned comic book page with illustrated panels, cartoon drawings, and speech bubbles",1.000000,1.000000,True
/Users/andrewyong/Pictures/GooglePhotos/library/2007-02-14/31.jpg,"a scanned comic book page with illustrated panels, cartoon drawings, and speech bubbles",1.000000,1.000000,True
/Users/andrewyong/Pictures/GooglePhotos/library/2007-02-14/25.jpg,"a scanned comic book page with illustrated panels, cartoon drawings, and speech bubbles",1.000000,1.000000,True
/Users/andrewyong/Pictures/GooglePhotos/library/2004-07-09/29.jpg,"a scanned comic book page with illustrated panels, cartoon drawings, and speech bubbles",1.000000,1.000000,True
/Users/andrewyong/Pictures/GooglePhotos/library/2004-07-09/33.jpg,"a scanned comic book page with illustrated panels, cartoon drawings, and speech bubbles",1.000000,1.000000,True
/Users/andrewyong/Pictures/GooglePhotos/library/2004-07-09/32.jpg,"a scanned comic book page with illustrated panels, cartoon drawings, and speech bubbles",1.000000,1.000000,True
/Users/andrewyong/Pictures/GooglePhotos/library/2004-07-09/30.jpg,"a scanned comic book page with illustrated panels, cartoon drawings, and speech bubbles",1.000000,1.000000,True
/Users/andrewyong/Pictures/GooglePhotos/library/2004-07-09/31.jpg,"a scanned comic book page with illustrated panels, cartoon drawings, and speech bubbles",1.000000,1.000000,True
/Users/andrewyong/Pictures/GooglePhotos/library/2005-11-05/14.jpg,"a scanned comic book page with illustrated panels, cartoon drawings, and speech bubbles",1.000000,1.000000,True
/Users/andrewyong/Pictures/GooglePhotos/library/2005-11-05/15.jpg,"a scanned comic book page with illustrated panels, cartoon drawings, and speech bubbles",1.000000,1.000000,True
/Users/andrewyong/Pictures/GooglePhotos/library/2005-11-05/17.jpg,"a scanned comic book page with illustrated panels, cartoon drawings, and speech bubbles",1.000000,1.000000,True
/Users/andrewyong/Pictures/GooglePhotos/library/2005-11-05/03.jpg,"a scanned comic book page with illustrated panels, cartoon drawings, and speech bubbles",1.000000,1.000000,True
/Users/andrewyong/Pictures/GooglePhotos/library/2005-11-05/16.jpg,"a scanned comic book page with illustrated panels, cartoon drawings, and speech bubbles",1.000000,1.000000,True
/Users/andrewyong/Pictures/GooglePhotos/library/2005-11-05/12.jpg,"a scanned comic book page with illustrated panels, cartoon drawings, and speech bubbles",1.000000,1.000000,True
/Users/andrewyong/Pictures/GooglePhotos/library/2005-11-05/06.jpg,"a scanned comic book page with illustrated panels, cartoon drawings, and speech bubbles",1.000000,1.000000,True
/Users/andrewyong/Pictures/GooglePhotos/library/2005-11-05/07.jpg,"a scanned comic book page with illustrated panels, cartoon drawings, and speech bubbles",1.000000,1.000000,True
/Users/andrewyong/Pictures/GooglePhotos/library/2005-11-05/13.jpg,"a scanned comic book page with illustrated panels, cartoon drawings, and speech bubbles",1.000000,1.000000,True
/Users/andrewyong/Pictures/GooglePhotos/library/2005-11-05/05.jpg,"a scanned comic book page with illustrated panels, cartoon drawings, and speech bubbles",1.000000,1.000000,True
/Users/andrewyong/Pictures/GooglePhotos/library/2005-11-05/11.jpg,"a scanned comic book page with illustrated panels, cartoon drawings, and speech bubbles",1.000000,1.000000,True
/Users/andrewyong/Pictures/GooglePhotos/library/2005-11-05/10.jpg,"a scanned comic book page with illustrated panels, cartoon drawings, and speech bubbles",1.000000,1.000000,True
/Users/andrewyong/Pictures/GooglePhotos/library/2005-11-05/04.jpg,"a scanned comic book page with illustrated panels, cartoon drawings, and speech bubbles",1.000000,1.000000,True
/Users/andrewyong/Pictures/GooglePhotos/library/2005-11-05/21.jpg,"a scanned comic book page with illustrated panels, cartoon drawings, and speech bubbles",1.000000,1.000000,True
/Users/andrewyong/Pictures/GooglePhotos/library/2005-11-05/09.jpg,"a scanned comic book page with illustrated panels, cartoon drawings, and speech bubbles",1.000000,1.000000,True
/Users/andrewyong/Pictures/GooglePhotos/library/2005-11-05/08.jpg,"a scanned comic book page with illustrated panels, cartoon drawings, and speech bubbles",1.000000,1.000000,True
/Users/andrewyong/Pictures/GooglePhotos/library/2005-11-05/20.jpg,"a scanned comic book page with illustrated panels, cartoon drawings, and speech bubbles",1.000000,1.000000,True
/Users/andrewyong/Pictures/GooglePhotos/library/2005-11-05/22.jpg,"a scanned comic book page with illustrated panels, cartoon drawings, and speech bubbles",1.000000,1.000000,True
/Users/andrewyong/Pictures/GooglePhotos/library/2005-11-05/23.jpg,"a scanned comic book page with illustrated panels, cartoon drawings, and speech bubbles",1.000000,1.000000,True
/Users/andrewyong/Pictures/GooglePhotos/library/2005-11-05/26.jpg,"a scanned comic book page with illustrated panels, cartoon drawings, and speech bubbles",1.000000,1.000000,True
/Users/andrewyong/Pictures/GooglePhotos/library/2005-11-05/18.jpg,"a scanned comic book page with illustrated panels, cartoon drawings, and speech bubbles",1.000000,1.000000,True
/Users/andrewyong/Pictures/GooglePhotos/library/2005-11-05/24.jpg,"a scanned comic book page with illustrated panels, cartoon drawings, and speech bubbles",1.000000,1.000000,True
/Users/andrewyong/Pictures/GooglePhotos/library/2005-11-05/25.jpg,"a scanned comic book page with illustrated panels, cartoon drawings, and speech bubbles",1.000000,1.000000,True
/Users/andrewyong/Pictures/GooglePhotos/library/2005-11-05/19.jpg,"a scanned comic book page with illustrated panels, cartoon drawings, and speech bubbles",1.000000,1.000000,True
/Users/andrewyong/Pictures/GooglePhotos/library/2024-10-10/IMG_0077.HEIC,"a scanned comic book page with illustrated panels, cartoon drawings, and speech bubbles",1.000000,1.000000,True
/Users/andrewyong/Pictures/GooglePhotos/library/2024-10-10/IMG_0081.HEIC,"a scanned comic book page with illustrated panels, cartoon drawings, and speech bubbles",1.000000,1.000000,True
/Users/andrewyong/Pictures/GooglePhotos/library/2006-06-06/28.jpg,"a scanned comic book page with illustrated panels, cartoon drawings, and speech bubbles",1.000000,1.000000,True
/Users/andrewyong/Pictures/GooglePhotos/library/2006-06-06/27.jpg,"a scanned comic book page with illustrated panels, cartoon drawings, and speech bubbles",1.000000,1.000000,True
/Users/andrewyong/Pictures/GooglePhotos/library/2006-06-06/25.jpg,"a scanned comic book page with illustrated panels, cartoon drawings, and speech bubbles",1.000000,1.000000,True
/Users/andrewyong/Pictures/GooglePhotos/library/2016-09-16/US_Adv_35-03.jpg,"a scanned comic book page with illustrated panels, cartoon drawings, and speech bubbles",1.000000,1.000000,True
/Users/andrewyong/Pictures/GooglePhotos/library/2016-09-16/US_Adv_39-03.jpg,"a scanned comic book page with illustrated panels, cartoon drawings, and speech bubbles",1.000000,1.000000,True
/Users/andrewyong/Pictures/GooglePhotos/library/2016-09-16/4c0238-004.jpg,"a scanned comic book page with illustrated panels, cartoon drawings, and speech bubbles",1.000000,1.000000,True
/Users/andrewyong/Pictures/GooglePhotos/library/2016-09-16/4c0238-010.jpg,"a scanned comic book page with illustrated panels, cartoon drawings, and speech bubbles",1.000000,1.000000,True
/Users/andrewyong/Pictures/GooglePhotos/library/2016-09-16/US89-10.jpg,"a scanned comic book page with illustrated panels, cartoon drawings, and speech bubbles",1.000000,1.000000,True
/Users/andrewyong/Pictures/GooglePhotos/library/2016-09-16/US89-04.jpg,"a scanned comic book page with illustrated panels, cartoon drawings, and speech bubbles",1.000000,1.000000,True
/Users/andrewyong/Pictures/GooglePhotos/library/2016-09-16/US89-05.jpg,"a scanned comic book page with illustrated panels, cartoon drawings, and speech bubbles",1.000000,1.000000,True
/Users/andrewyong/Pictures/GooglePhotos/library/2016-09-16/US89-11.jpg,"a scanned comic book page with illustrated panels, cartoon drawings, and speech bubbles",1.000000,1.000000,True
/Users/andrewyong/Pictures/GooglePhotos/library/2016-09-16/4c0238-011.jpg,"a scanned comic book page with illustrated panels, cartoon drawings, and speech bubbles",1.000000,1.000000,True
/Users/andrewyong/Pictures/GooglePhotos/library/2016-09-16/US_Adv_39-02.jpg,"a scanned comic book page with illustrated panels, cartoon drawings, and speech bubbles",1.000000,1.000000,True
/Users/andrewyong/Pictures/GooglePhotos/library/2016-09-16/US_Adv_39-16.jpg,"a scanned comic book page with illustrated panels, cartoon drawings, and speech bubbles",1.000000,1.000000,True
/Users/andrewyong/Pictures/GooglePhotos/library/2016-09-16/US_Adv_35-14.jpg,"a scanned comic book page with illustrated panels, cartoon drawings, and speech bubbles",1.000000,1.000000,True
/Users/andrewyong/Pictures/GooglePhotos/library/2016-09-16/4c0238-007.jpg,"a scanned comic book page with illustrated panels, cartoon drawings, and speech bubbles",1.000000,1.000000,True
/Users/andrewyong/Pictures/GooglePhotos/library/2016-09-16/US89-13.jpg,"a scanned comic book page with illustrated panels, cartoon drawings, and speech bubbles",1.000000,1.000000,True
/Users/andrewyong/Pictures/GooglePhotos/library/2016-09-16/US89-12.jpg,"a scanned comic book page with illustrated panels, cartoon drawings, and speech bubbles",1.000000,1.000000,True
/Users/andrewyong/Pictures/GooglePhotos/library/2016-09-16/US89-06.jpg,"a scanned comic book page with illustrated panels, cartoon drawings, and speech bubbles",1.000000,1.000000,True
/Users/andrewyong/Pictures/GooglePhotos/library/2016-09-16/4c0238-006.jpg,"a scanned comic book page with illustrated panels, cartoon drawings, and speech bubbles",1.000000,1.000000,True
/Users/andrewyong/Pictures/GooglePhotos/library/2016-09-16/4c0238-012.jpg,"a scanned comic book page with illustrated panels, cartoon drawings, and speech bubbles",1.000000,1.000000,True
/Users/andrewyong/Pictures/GooglePhotos/library/2016-09-16/US_Adv_39-01.jpg,"a scanned comic book page with illustrated panels, cartoon drawings, and speech bubbles",1.000000,1.000000,True
/Users/andrewyong/Pictures/GooglePhotos/library/2016-09-16/US_Adv_35-15.jpg,"a scanned comic book page with illustrated panels, cartoon drawings, and speech bubbles",1.000000,1.000000,True
/Users/andrewyong/Pictures/GooglePhotos/library/2016-09-16/US_Adv_35-05.jpg,"a scanned comic book page with illustrated panels, cartoon drawings, and speech bubbles",1.000000,1.000000,True
/Users/andrewyong/Pictures/GooglePhotos/library/2016-09-16/4c0238-016.jpg,"a scanned comic book page with illustrated panels, cartoon drawings, and speech bubbles",1.000000,1.000000,True
/Users/andrewyong/Pictures/GooglePhotos/library/2016-09-16/US_Adv_39-05.jpg,"a scanned comic book page with illustrated panels, cartoon drawings, and speech bubbles",1.000000,1.000000,True
/Users/andrewyong/Pictures/GooglePhotos/library/2016-09-16/US_Adv_39-11.jpg,"a scanned comic book page with illustrated panels, cartoon drawings, and speech bubbles",1.000000,1.000000,True
/Users/andrewyong/Pictures/GooglePhotos/library/2016-09-16/US89-16.jpg,"a scanned comic book page with illustrated panels, cartoon drawings, and speech bubbles",1.000000,1.000000,True
/Users/andrewyong/Pictures/GooglePhotos/library/2016-09-16/US89-03.jpg,"a scanned comic book page with illustrated panels, cartoon drawings, and speech bubbles",1.000000,1.000000,True
/Users/andrewyong/Pictures/GooglePhotos/library/2016-09-16/US_Adv_39-10.jpg,"a scanned comic book page with illustrated panels, cartoon drawings, and speech bubbles",1.000000,1.000000,True
/Users/andrewyong/Pictures/GooglePhotos/library/2016-09-16/4c0238-003.jpg,"a scanned comic book page with illustrated panels, cartoon drawings, and speech bubbles",1.000000,1.000000,True
/Users/andrewyong/Pictures/GooglePhotos/library/2016-09-16/4c0238-017.jpg,"a scanned comic book page with illustrated panels, cartoon drawings, and speech bubbles",1.000000,1.000000,True
/Users/andrewyong/Pictures/GooglePhotos/library/2016-09-16/US_Adv_35-04.jpg,"a scanned comic book page with illustrated panels, cartoon drawings, and speech bubbles",1.000000,1.000000,True
/Users/andrewyong/Pictures/GooglePhotos/library/2016-09-16/US_Adv_35-10.jpg,"a scanned comic book page with illustrated panels, cartoon drawings, and speech bubbles",1.000000,1.000000,True
/Users/andrewyong/Pictures/GooglePhotos/library/2016-09-16/US_Adv_35-06.jpg,"a scanned comic book page with illustrated panels, cartoon drawings, and speech bubbles",1.000000,1.000000,True
/Users/andrewyong/Pictures/GooglePhotos/library/2016-09-16/4c0238-015.jpg,"a scanned comic book page with illustrated panels, cartoon drawings, and speech bubbles",1.000000,1.000000,True
/Users/andrewyong/Pictures/GooglePhotos/library/2016-09-16/4c0238-029.jpg,"a scanned comic book page with illustrated panels, cartoon drawings, and speech bubbles",1.000000,1.000000,True
/Users/andrewyong/Pictures/GooglePhotos/library/2016-09-16/US_Adv_39-06.jpg,"a scanned comic book page with illustrated panels, cartoon drawings, and speech bubbles",1.000000,1.000000,True
/Users/andrewyong/Pictures/GooglePhotos/library/2016-09-16/US89-15.jpg,"a scanned comic book page with illustrated panels, cartoon drawings, and speech bubbles",1.000000,1.000000,True
/Users/andrewyong/Pictures/GooglePhotos/library/2016-09-16/4c0238-028.jpg,"a scanned comic book page with illustrated panels, cartoon drawings, and speech bubbles",1.000000,1.000000,True
/Users/andrewyong/Pictures/GooglePhotos/library/2016-09-16/US_Adv_39-13.jpg,"a scanned comic book page with illustrated panels, cartoon drawings, and speech bubbles",1.000000,1.000000,True
/Users/andrewyong/Pictures/GooglePhotos/library/2016-09-16/4c0238-014.jpg,"a scanned comic book page with illustrated panels, cartoon drawings, and speech bubbles",1.000000,1.000000,True
/Users/andrewyong/Pictures/GooglePhotos/library/2016-09-16/US_Adv_35-13.jpg,"a scanned comic book page with illustrated panels, cartoon drawings, and speech bubbles",1.000000,1.000000,True
/Users/andrewyong/Pictures/GooglePhotos/library/2016-09-16/US_Adv_35-07.jpg,"a scanned comic book page with illustrated panels, cartoon drawings, and speech bubbles",1.000000,1.000000,True
/Users/andrewyong/Pictures/GooglePhotos/library/2016-09-16/28.jpg,"a scanned comic book page with illustrated panels, cartoon drawings, and speech bubbles",1.000000,1.000000,True
/Users/andrewyong/Pictures/GooglePhotos/library/2016-09-16/29.jpg,"a scanned comic book page with illustrated panels, cartoon drawings, and speech bubbles",1.000000,1.000000,True
/Users/andrewyong/Pictures/GooglePhotos/library/2016-09-16/17.jpg,"a scanned comic book page with illustrated panels, cartoon drawings, and speech bubbles",1.000000,1.000000,True
/Users/andrewyong/Pictures/GooglePhotos/library/2016-09-16/03.jpg,"a scanned comic book page with illustrated panels, cartoon drawings, and speech bubbles",1.000000,1.000000,True
/Users/andrewyong/Pictures/GooglePhotos/library/2016-09-16/02.jpg,"a scanned comic book page with illustrated panels, cartoon drawings, and speech bubbles",1.000000,1.000000,True
/Users/andrewyong/Pictures/GooglePhotos/library/2016-09-16/USA_23_08.jpg,"a scanned comic book page with illustrated panels, cartoon drawings, and speech bubbles",1.000000,1.000000,True
/Users/andrewyong/Pictures/GooglePhotos/library/2016-09-16/USA_23_09.jpg,"a scanned comic book page with illustrated panels, cartoon drawings, and speech bubbles",1.000000,1.000000,True
/Users/andrewyong/Pictures/GooglePhotos/library/2016-09-16/07.jpg,"a scanned comic book page with illustrated panels, cartoon drawings, and speech bubbles",1.000000,1.000000,True
/Users/andrewyong/Pictures/GooglePhotos/library/2016-09-16/05.jpg,"a scanned comic book page with illustrated panels, cartoon drawings, and speech bubbles",1.000000,1.000000,True
/Users/andrewyong/Pictures/GooglePhotos/library/2016-09-16/11.jpg,"a scanned comic book page with illustrated panels, cartoon drawings, and speech bubbles",1.000000,1.000000,True
/Users/andrewyong/Pictures/GooglePhotos/library/2016-09-16/US_Adv_35-31_DD_66.jpg,"a scanned comic book page with illustrated panels, cartoon drawings, and speech bubbles",1.000000,1.000000,True
/Users/andrewyong/Pictures/GooglePhotos/library/2016-09-16/09.jpg,"a scanned comic book page with illustrated panels, cartoon drawings, and speech bubbles",1.000000,1.000000,True
/Users/andrewyong/Pictures/GooglePhotos/library/2016-09-16/USA_23_07.jpg,"a scanned comic book page with illustrated panels, cartoon drawings, and speech bubbles",1.000000,1.000000,True
/Users/andrewyong/Pictures/GooglePhotos/library/2016-09-16/USA_23_06.jpg,"a scanned comic book page with illustrated panels, cartoon drawings, and speech bubbles",1.000000,1.000000,True
/Users/andrewyong/Pictures/GooglePhotos/library/2016-09-16/USA_23_12.jpg,"a scanned comic book page with illustrated panels, cartoon drawings, and speech bubbles",1.000000,1.000000,True
/Users/andrewyong/Pictures/GooglePhotos/library/2016-09-16/08.jpg,"a scanned comic book page with illustrated panels, cartoon drawings, and speech bubbles",1.000000,1.000000,True
/Users/andrewyong/Pictures/GooglePhotos/library/2016-09-16/US_Adv_35-00ifc_ad.jpg,"a scanned comic book page with illustrated panels, cartoon drawings, and speech bubbles",1.000000,1.000000,True
/Users/andrewyong/Pictures/GooglePhotos/library/2016-09-16/22.jpg,"a scanned comic book page with illustrated panels, cartoon drawings, and speech bubbles",1.000000,1.000000,True
/Users/andrewyong/Pictures/GooglePhotos/library/2016-09-16/USA_23_10.jpg,"a scanned comic book page with illustrated panels, cartoon drawings, and speech bubbles",1.000000,1.000000,True
/Users/andrewyong/Pictures/GooglePhotos/library/2016-09-16/WD_Xmas_Parade_2_47.jpg,"a scanned comic book page with illustrated panels, cartoon drawings, and speech bubbles",1.000000,1.000000,True
/Users/andrewyong/Pictures/GooglePhotos/library/2016-09-16/USA_23_11.jpg,"a scanned comic book page with illustrated panels, cartoon drawings, and speech bubbles",1.000000,1.000000,True
/Users/andrewyong/Pictures/GooglePhotos/library/2016-09-16/USA_23_05.jpg,"a scanned comic book page with illustrated panels, cartoon drawings, and speech bubbles",1.000000,1.000000,True
/Users/andrewyong/Pictures/GooglePhotos/library/2016-09-16/23.jpg,"a scanned comic book page with illustrated panels, cartoon drawings, and speech bubbles",1.000000,1.000000,True
/Users/andrewyong/Pictures/GooglePhotos/library/2016-09-16/27.jpg,"a scanned comic book page with illustrated panels, cartoon drawings, and speech bubbles",1.000000,1.000000,True
/Users/andrewyong/Pictures/GooglePhotos/library/2016-09-16/ZS 37-10-17.jpg,"a scanned comic book page with illustrated panels, cartoon drawings, and speech bubbles",1.000000,1.000000,True
/Users/andrewyong/Pictures/GooglePhotos/library/2016-09-16/26.jpg,"a scanned comic book page with illustrated panels, cartoon drawings, and speech bubbles",1.000000,1.000000,True
/Users/andrewyong/Pictures/GooglePhotos/library/2016-09-16/32.jpg,"a scanned comic book page with illustrated panels, cartoon drawings, and speech bubbles",1.000000,1.000000,True
/Users/andrewyong/Pictures/GooglePhotos/library/2016-09-16/24.jpg,"a scanned comic book page with illustrated panels, cartoon drawings, and speech bubbles",1.000000,1.000000,True
/Users/andrewyong/Pictures/GooglePhotos/library/2016-09-16/30.jpg,"a scanned comic book page with illustrated panels, cartoon drawings, and speech bubbles",1.000000,1.000000,True
/Users/andrewyong/Pictures/GooglePhotos/library/2016-09-16/USA_23_03.jpg,"a scanned comic book page with illustrated panels, cartoon drawings, and speech bubbles",1.000000,1.000000,True
/Users/andrewyong/Pictures/GooglePhotos/library/2016-09-16/31.jpg,"a scanned comic book page with illustrated panels, cartoon drawings, and speech bubbles",1.000000,1.000000,True
/Users/andrewyong/Pictures/GooglePhotos/library/2016-09-16/25.jpg,"a scanned comic book page with illustrated panels, cartoon drawings, and speech bubbles",1.000000,1.000000,True
/Users/andrewyong/Pictures/GooglePhotos/library/2016-09-16/19.jpg,"a scanned comic book page with illustrated panels, cartoon drawings, and speech bubbles",1.000000,1.000000,True
/Users/andrewyong/Pictures/GooglePhotos/library/2016-09-16/4c0238-019.jpg,"a scanned comic book page with illustrated panels, cartoon drawings, and speech bubbles",1.000000,1.000000,True
/Users/andrewyong/Pictures/GooglePhotos/library/2016-09-16/4c0238-025.jpg,"a scanned comic book page with illustrated panels, cartoon drawings, and speech bubbles",1.000000,1.000000,True
/Users/andrewyong/Pictures/GooglePhotos/library/2016-09-16/4c0238-031.jpg,"a scanned comic book page with illustrated panels, cartoon drawings, and speech bubbles",1.000000,1.000000,True
/Users/andrewyong/Pictures/GooglePhotos/library/2016-09-16/US89-25.jpg,"a scanned comic book page with illustrated panels, cartoon drawings, and speech bubbles",1.000000,1.000000,True
/Users/andrewyong/Pictures/GooglePhotos/library/2016-09-16/US89-24.jpg,"a scanned comic book page with illustrated panels, cartoon drawings, and speech bubbles",1.000000,1.000000,True
/Users/andrewyong/Pictures/GooglePhotos/library/2016-09-16/4c0238-030.jpg,"a scanned comic book page with illustrated panels, cartoon drawings, and speech bubbles",1.000000,1.000000,True
/Users/andrewyong/Pictures/GooglePhotos/library/2016-09-16/4c0238-024.jpg,"a scanned comic book page with illustrated panels, cartoon drawings, and speech bubbles",1.000000,1.000000,True
/Users/andrewyong/Pictures/GooglePhotos/library/2016-09-16/4c0238-018.jpg,"a scanned comic book page with illustrated panels, cartoon drawings, and speech bubbles",1.000000,1.000000,True
/Users/andrewyong/Pictures/GooglePhotos/library/2016-09-16/US_Adv_35-23.jpg,"a scanned comic book page with illustrated panels, cartoon drawings, and speech bubbles",1.000000,1.000000,True
/Users/andrewyong/Pictures/GooglePhotos/library/2016-09-16/US_Adv_35-21.jpg,"a scanned comic book page with illustrated panels, cartoon drawings, and speech bubbles",1.000000,1.000000,True
/Users/andrewyong/Pictures/GooglePhotos/library/2016-09-16/US_Adv_39-21.jpg,"a scanned comic book page with illustrated panels, cartoon drawings, and speech bubbles",1.000000,1.000000,True
/Users/andrewyong/Pictures/GooglePhotos/library/2016-09-16/4c0238-032.jpg,"a scanned comic book page with illustrated panels, cartoon drawings, and speech bubbles",1.000000,1.000000,True
/Users/andrewyong/Pictures/GooglePhotos/library/2016-09-16/US_Adv_39-09.jpg,"a scanned comic book page with illustrated panels, cartoon drawings, and speech bubbles",1.000000,1.000000,True
/Users/andrewyong/Pictures/GooglePhotos/library/2016-09-16/4c0238-026.jpg,"a scanned comic book page with illustrated panels, cartoon drawings, and speech bubbles",1.000000,1.000000,True
/Users/andrewyong/Pictures/GooglePhotos/library/2016-09-16/4c0238-027.jpg,"a scanned comic book page with illustrated panels, cartoon drawings, and speech bubbles",1.000000,1.000000,True
/Users/andrewyong/Pictures/GooglePhotos/library/2016-09-16/US_Adv_39-08.jpg,"a scanned comic book page with illustrated panels, cartoon drawings, and speech bubbles",1.000000,1.000000,True
/Users/andrewyong/Pictures/GooglePhotos/library/2016-09-16/4c0238-033.jpg,"a scanned comic book page with illustrated panels, cartoon drawings, and speech bubbles",1.000000,1.000000,True
/Users/andrewyong/Pictures/GooglePhotos/library/2016-09-16/US_Adv_39-20.jpg,"a scanned comic book page with illustrated panels, cartoon drawings, and speech bubbles",1.000000,1.000000,True
/Users/andrewyong/Pictures/GooglePhotos/library/2016-09-16/US_Adv_35-20.jpg,"a scanned comic book page with illustrated panels, cartoon drawings, and speech bubbles",1.000000,1.000000,True
/Users/andrewyong/Pictures/GooglePhotos/library/2016-09-16/US_Adv_35-08.jpg,"a scanned comic book page with illustrated panels, cartoon drawings, and speech bubbles",1.000000,1.000000,True
/Users/andrewyong/Pictures/GooglePhotos/library/2016-09-16/US_Adv_35-24.jpg,"a scanned comic book page with illustrated panels, cartoon drawings, and speech bubbles",1.000000,1.000000,True
/Users/andrewyong/Pictures/GooglePhotos/library/2016-09-16/US_Adv_35-18.jpg,"a scanned comic book page with illustrated panels, cartoon drawings, and speech bubbles",1.000000,1.000000,True
/Users/andrewyong/Pictures/GooglePhotos/library/2016-09-16/US_Adv_39-18.jpg,"a scanned comic book page with illustrated panels, cartoon drawings, and speech bubbles",1.000000,1.000000,True
/Users/andrewyong/Pictures/GooglePhotos/library/2016-09-16/4c0238-023.jpg,"a scanned comic book page with illustrated panels, cartoon drawings, and speech bubbles",1.000000,1.000000,True
/Users/andrewyong/Pictures/GooglePhotos/library/2016-09-16/US89-23.jpg,"a scanned comic book page with illustrated panels, cartoon drawings, and speech bubbles",1.000000,1.000000,True
/Users/andrewyong/Pictures/GooglePhotos/library/2016-09-16/US89-22.jpg,"a scanned comic book page with illustrated panels, cartoon drawings, and speech bubbles",1.000000,1.000000,True
/Users/andrewyong/Pictures/GooglePhotos/library/2016-09-16/4c0238-022.jpg,"a scanned comic book page with illustrated panels, cartoon drawings, and speech bubbles",1.000000,1.000000,True
/Users/andrewyong/Pictures/GooglePhotos/library/2016-09-16/US_Adv_35-19.jpg,"a scanned comic book page with illustrated panels, cartoon drawings, and speech bubbles",1.000000,1.000000,True
/Users/andrewyong/Pictures/GooglePhotos/library/2016-09-16/US_Adv_35-25.jpg,"a scanned comic book page with illustrated panels, cartoon drawings, and speech bubbles",1.000000,1.000000,True
/Users/andrewyong/Pictures/GooglePhotos/library/2016-09-16/4c0238-020.jpg,"a scanned comic book page with illustrated panels, cartoon drawings, and speech bubbles",1.000000,1.000000,True
/Users/andrewyong/Pictures/GooglePhotos/library/2016-09-16/4c0238-034.jpg,"a scanned comic book page with illustrated panels, cartoon drawings, and speech bubbles",1.000000,1.000000,True
/Users/andrewyong/Pictures/GooglePhotos/library/2016-09-16/4c0238-008.jpg,"a scanned comic book page with illustrated panels, cartoon drawings, and speech bubbles",1.000000,1.000000,True
/Users/andrewyong/Pictures/GooglePhotos/library/2016-09-16/US89-08.jpg,"a scanned comic book page with illustrated panels, cartoon drawings, and speech bubbles",1.000000,1.000000,True
/Users/andrewyong/Pictures/GooglePhotos/library/2016-09-16/US89-21.jpg,"a scanned comic book page with illustrated panels, cartoon drawings, and speech bubbles",1.000000,1.000000,True
/Users/andrewyong/Pictures/GooglePhotos/library/2016-09-16/4c0238-009.jpg,"a scanned comic book page with illustrated panels, cartoon drawings, and speech bubbles",1.000000,1.000000,True
/Users/andrewyong/Pictures/GooglePhotos/library/2004-05-27/ZS 36-10-25.jpg,"a scanned comic book page with illustrated panels, cartoon drawings, and speech bubbles",1.000000,1.000000,True
/Users/andrewyong/Pictures/GooglePhotos/library/2004-05-27/ZS 36-08-30.jpg,"a scanned comic book page with illustrated panels, cartoon drawings, and speech bubbles",1.000000,1.000000,True
/Users/andrewyong/Pictures/GooglePhotos/library/2004-05-27/ZS 36-11-22.jpg,"a scanned comic book page with illustrated panels, cartoon drawings, and speech bubbles",1.000000,1.000000,True
/Users/andrewyong/Pictures/GooglePhotos/library/2004-05-27/ZS 36-10-11.jpg,"a scanned comic book page with illustrated panels, cartoon drawings, and speech bubbles",1.000000,1.000000,True
/Users/andrewyong/Pictures/GooglePhotos/library/2004-05-27/ZS 36-09-27.jpg,"a scanned comic book page with illustrated panels, cartoon drawings, and speech bubbles",1.000000,1.000000,True
/Users/andrewyong/Pictures/GooglePhotos/library/2004-05-27/ZS 36-12-06.jpg,"a scanned comic book page with illustrated panels, cartoon drawings, and speech bubbles",1.000000,1.000000,True
/Users/andrewyong/Pictures/GooglePhotos/library/2004-05-18/ZS 37-07-11.jpg,"a scanned comic book page with illustrated panels, cartoon drawings, and speech bubbles",1.000000,1.000000,True
/Users/andrewyong/Pictures/GooglePhotos/library/2004-05-18/ZS 37-05-09.jpg,"a scanned comic book page with illustrated panels, cartoon drawings, and speech bubbles",1.000000,1.000000,True
/Users/andrewyong/Pictures/GooglePhotos/library/2004-05-18/ZS 37-07-25.jpg,"a scanned comic book page with illustrated panels, cartoon drawings, and speech bubbles",1.000000,1.000000,True
/Users/andrewyong/Pictures/GooglePhotos/library/2004-05-18/ZS 37-04-11.jpg,"a scanned comic book page with illustrated panels, cartoon drawings, and speech bubbles",1.000000,1.000000,True
/Users/andrewyong/Pictures/GooglePhotos/library/2004-05-18/ZS 37-08-15.jpg,"a scanned comic book page with illustrated panels, cartoon drawings, and speech bubbles",1.000000,1.000000,True
/Users/andrewyong/Pictures/GooglePhotos/library/2004-05-18/ZS 37-08-01.jpg,"a scanned comic book page with illustrated panels, cartoon drawings, and speech bubbles",1.000000,1.000000,True
/Users/andrewyong/Pictures/GooglePhotos/library/2004-05-18/ZS 37-06-06.jpg,"a scanned comic book page with illustrated panels, cartoon drawings, and speech bubbles",1.000000,1.000000,True
/Users/andrewyong/Pictures/GooglePhotos/library/2003-12-13/14.jpg,"a scanned comic book page with illustrated panels, cartoon drawings, and speech bubbles",1.000000,1.000000,True
/Users/andrewyong/Pictures/GooglePhotos/library/2003-12-13/15.jpg,"a scanned comic book page with illustrated panels, cartoon drawings, and speech bubbles",1.000000,1.000000,True
/Users/andrewyong/Pictures/GooglePhotos/library/2003-12-13/01.jpg,"a scanned comic book page with illustrated panels, cartoon drawings, and speech bubbles",1.000000,1.000000,True
/Users/andrewyong/Pictures/GooglePhotos/library/2003-12-13/17.jpg,"a scanned comic book page with illustrated panels, cartoon drawings, and speech bubbles",1.000000,1.000000,True
/Users/andrewyong/Pictures/GooglePhotos/library/2003-12-13/03.jpg,"a scanned comic book page with illustrated panels, cartoon drawings, and speech bubbles",1.000000,1.000000,True
/Users/andrewyong/Pictures/GooglePhotos/library/2003-12-13/02.jpg,"a scanned comic book page with illustrated panels, cartoon drawings, and speech bubbles",1.000000,1.000000,True
/Users/andrewyong/Pictures/GooglePhotos/library/2003-12-13/12.jpg,"a scanned comic book page with illustrated panels, cartoon drawings, and speech bubbles",1.000000,1.000000,True
/Users/andrewyong/Pictures/GooglePhotos/library/2003-12-13/06.jpg,"a scanned comic book page with illustrated panels, cartoon drawings, and speech bubbles",1.000000,1.000000,True
/Users/andrewyong/Pictures/GooglePhotos/library/2003-12-13/07.jpg,"a scanned comic book page with illustrated panels, cartoon drawings, and speech bubbles",1.000000,1.000000,True
/Users/andrewyong/Pictures/GooglePhotos/library/2003-12-13/05.jpg,"a scanned comic book page with illustrated panels, cartoon drawings, and speech bubbles",1.000000,1.000000,True
/Users/andrewyong/Pictures/GooglePhotos/library/2003-12-13/11.jpg,"a scanned comic book page with illustrated panels, cartoon drawings, and speech bubbles",1.000000,1.000000,True
/Users/andrewyong/Pictures/GooglePhotos/library/2003-12-13/10.jpg,"a scanned comic book page with illustrated panels, cartoon drawings, and speech bubbles",1.000000,1.000000,True
/Users/andrewyong/Pictures/GooglePhotos/library/2003-12-13/04.jpg,"a scanned comic book page with illustrated panels, cartoon drawings, and speech bubbles",1.000000,1.000000,True
/Users/andrewyong/Pictures/GooglePhotos/library/2003-12-13/09.jpg,"a scanned comic book page with illustrated panels, cartoon drawings, and speech bubbles",1.000000,1.000000,True
/Users/andrewyong/Pictures/GooglePhotos/library/2003-12-13/08.jpg,"a scanned comic book page with illustrated panels, cartoon drawings, and speech bubbles",1.000000,1.000000,True
/Users/andrewyong/Pictures/GooglePhotos/library/2003-12-13/20.jpg,"a scanned comic book page with illustrated panels, cartoon drawings, and speech bubbles",1.000000,1.000000,True
/Users/andrewyong/Pictures/GooglePhotos/library/2003-12-13/19.jpg,"a scanned comic book page with illustrated panels, cartoon drawings, and speech bubbles",1.000000,1.000000,True
/Users/andrewyong/Pictures/GooglePhotos/library/2016-09-17/14.jpg,"a scanned comic book page with illustrated panels, cartoon drawings, and speech bubbles",1.000000,1.000000,True
/Users/andrewyong/Pictures/GooglePhotos/library/2016-09-17/15.jpg,"a scanned comic book page with illustrated panels, cartoon drawings, and speech bubbles",1.000000,1.000000,True
/Users/andrewyong/Pictures/GooglePhotos/library/2016-09-17/16.jpg,"a scanned comic book page with illustrated panels, cartoon drawings, and speech bubbles",1.000000,1.000000,True
/Users/andrewyong/Pictures/GooglePhotos/library/2016-09-17/12.jpg,"a scanned comic book page with illustrated panels, cartoon drawings, and speech bubbles",1.000000,1.000000,True
/Users/andrewyong/Pictures/GooglePhotos/library/2016-09-17/06.jpg,"a scanned comic book page with illustrated panels, cartoon drawings, and speech bubbles",1.000000,1.000000,True
/Users/andrewyong/Pictures/GooglePhotos/library/2016-09-17/13.jpg,"a scanned comic book page with illustrated panels, cartoon drawings, and speech bubbles",1.000000,1.000000,True
/Users/andrewyong/Pictures/GooglePhotos/library/2016-09-17/10.jpg,"a scanned comic book page with illustrated panels, cartoon drawings, and speech bubbles",1.000000,1.000000,True
/Users/andrewyong/Pictures/GooglePhotos/library/2016-09-17/04.jpg,"a scanned comic book page with illustrated panels, cartoon drawings, and speech bubbles",1.000000,1.000000,True
/Users/andrewyong/Pictures/GooglePhotos/library/2016-09-17/21.jpg,"a scanned comic book page with illustrated panels, cartoon drawings, and speech bubbles",1.000000,1.000000,True
/Users/andrewyong/Pictures/GooglePhotos/library/2016-09-17/34.jpg,"a scanned comic book page with illustrated panels, cartoon drawings, and speech bubbles",1.000000,1.000000,True
/Users/andrewyong/Pictures/GooglePhotos/library/2016-09-17/20.jpg,"a scanned comic book page with illustrated panels, cartoon drawings, and speech bubbles",1.000000,1.000000,True
/Users/andrewyong/Pictures/GooglePhotos/library/2016-09-17/33.jpg,"a scanned comic book page with illustrated panels, cartoon drawings, and speech bubbles",1.000000,1.000000,True
/Users/andrewyong/Pictures/GooglePhotos/library/2016-09-17/18.jpg,"a scanned comic book page with illustrated panels, cartoon drawings, and speech bubbles",1.000000,1.000000,True
/Users/andrewyong/Pictures/GooglePhotos/library/2006-11-10/14.jpg,"a scanned comic book page with illustrated panels, cartoon drawings, and speech bubbles",1.000000,1.000000,True
/Users/andrewyong/Pictures/GooglePhotos/library/2006-11-10/15.jpg,"a scanned comic book page with illustrated panels, cartoon drawings, and speech bubbles",1.000000,1.000000,True
/Users/andrewyong/Pictures/GooglePhotos/library/2006-11-10/17.jpg,"a scanned comic book page with illustrated panels, cartoon drawings, and speech bubbles",1.000000,1.000000,True
/Users/andrewyong/Pictures/GooglePhotos/library/2006-11-10/16.jpg,"a scanned comic book page with illustrated panels, cartoon drawings, and speech bubbles",1.000000,1.000000,True
/Users/andrewyong/Pictures/GooglePhotos/library/2006-11-10/12.jpg,"a scanned comic book page with illustrated panels, cartoon drawings, and speech bubbles",1.000000,1.000000,True
/Users/andrewyong/Pictures/GooglePhotos/library/2006-11-10/13.jpg,"a scanned comic book page with illustrated panels, cartoon drawings, and speech bubbles",1.000000,1.000000,True
/Users/andrewyong/Pictures/GooglePhotos/library/2006-11-10/11.jpg,"a scanned comic book page with illustrated panels, cartoon drawings, and speech bubbles",1.000000,1.000000,True
/Users/andrewyong/Pictures/GooglePhotos/library/2006-11-10/21.jpg,"a scanned comic book page with illustrated panels, cartoon drawings, and speech bubbles",1.000000,1.000000,True
/Users/andrewyong/Pictures/GooglePhotos/library/2006-11-10/20.jpg,"a scanned comic book page with illustrated panels, cartoon drawings, and speech bubbles",1.000000,1.000000,True
/Users/andrewyong/Pictures/GooglePhotos/library/2006-11-10/22.jpg,"a scanned comic book page with illustrated panels, cartoon drawings, and speech bubbles",1.000000,1.000000,True
/Users/andrewyong/Pictures/GooglePhotos/library/2006-11-10/23.jpg,"a scanned comic book page with illustrated panels, cartoon drawings, and speech bubbles",1.000000,1.000000,True
/Users/andrewyong/Pictures/GooglePhotos/library/2006-11-10/18.jpg,"a scanned comic book page with illustrated panels, cartoon drawings, and speech bubbles",1.000000,1.000000,True
/Users/andrewyong/Pictures/GooglePhotos/library/2006-11-10/24.jpg,"a scanned comic book page with illustrated panels, cartoon drawings, and speech bubbles",1.000000,1.000000,True
/Users/andrewyong/Pictures/GooglePhotos/library/2006-11-10/19.jpg,"a scanned comic book page with illustrated panels, cartoon drawings, and speech bubbles",1.000000,1.000000,True
/Users/andrewyong/Pictures/GooglePhotos/library/2003-11-27/us322_58.jpg,"a scanned comic book page with illustrated panels, cartoon drawings, and speech bubbles",1.000000,1.000000,True
/Users/andrewyong/Pictures/GooglePhotos/library/2003-11-27/us322_59.jpg,"a scanned comic book page with illustrated panels, cartoon drawings, and speech bubbles",1.000000,1.000000,True
/Users/andrewyong/Pictures/GooglePhotos/library/2003-11-27/us322_57.jpg,"a scanned comic book page with illustrated panels, cartoon drawings, and speech bubbles",1.000000,1.000000,True
/Users/andrewyong/Pictures/GooglePhotos/library/2020-02-22/IMG_20200222_111846-edited.jpg,"a scanned comic book page with illustrated panels, cartoon drawings, and speech bubbles",1.000000,1.000000,True
/Users/andrewyong/Pictures/GooglePhotos/library/2020-02-22/IMG_20200222_111846.jpg,"a scanned comic book page with illustrated panels, cartoon drawings, and speech bubbles",1.000000,1.000000,True
/Users/andrewyong/Pictures/GooglePhotos/library/2011-05-24/Boom Blast_17.jpg,"a scanned comic book page with illustrated panels, cartoon drawings, and speech bubbles",1.000000,1.000000,True
/Users/andrewyong/Pictures/GooglePhotos/library/2011-05-24/Boom Blast_03.jpg,"a scanned comic book page with illustrated panels, cartoon drawings, and speech bubbles",1.000000,1.000000,True
/Users/andrewyong/Pictures/GooglePhotos/library/2011-05-24/Boom Blast_14.jpg,"a scanned comic book page with illustrated panels, cartoon drawings, and speech bubbles",1.000000,1.000000,True
/Users/andrewyong/Pictures/GooglePhotos/library/2011-05-24/Boom Blast_15.jpg,"a scanned comic book page with illustrated panels, cartoon drawings, and speech bubbles",1.000000,1.000000,True
/Users/andrewyong/Pictures/GooglePhotos/library/2011-05-24/Boom Blast_05.jpg,"a scanned comic book page with illustrated panels, cartoon drawings, and speech bubbles",1.000000,1.000000,True
/Users/andrewyong/Pictures/GooglePhotos/library/2011-05-24/Boom Blast_11.jpg,"a scanned comic book page with illustrated panels, cartoon drawings, and speech bubbles",1.000000,1.000000,True
/Users/andrewyong/Pictures/GooglePhotos/library/2011-05-24/Boom Blast_04.jpg,"a scanned comic book page with illustrated panels, cartoon drawings, and speech bubbles",1.000000,1.000000,True
/Users/andrewyong/Pictures/GooglePhotos/library/2011-05-24/Boom Blast_12.jpg,"a scanned comic book page with illustrated panels, cartoon drawings, and speech bubbles",1.000000,1.000000,True
/Users/andrewyong/Pictures/GooglePhotos/library/2011-05-24/Boom Blast_06.jpg,"a scanned comic book page with illustrated panels, cartoon drawings, and speech bubbles",1.000000,1.000000,True
/Users/andrewyong/Pictures/GooglePhotos/library/2011-05-24/Boom Blast_22.jpg,"a scanned comic book page with illustrated panels, cartoon drawings, and speech bubbles",1.000000,1.000000,True
/Users/andrewyong/Pictures/GooglePhotos/library/2011-05-24/Boom Blast_09.jpg,"a scanned comic book page with illustrated panels, cartoon drawings, and speech bubbles",1.000000,1.000000,True
/Users/andrewyong/Pictures/GooglePhotos/library/2011-05-24/Boom Blast_20.jpg,"a scanned comic book page with illustrated panels, cartoon drawings, and speech bubbles",1.000000,1.000000,True
/Users/andrewyong/Pictures/GooglePhotos/library/2011-05-24/Boom Blast_18.jpg,"a scanned comic book page with illustrated panels, cartoon drawings, and speech bubbles",1.000000,1.000000,True
/Users/andrewyong/Pictures/GooglePhotos/library/2011-05-24/Boom Blast_19.jpg,"a scanned comic book page with illustrated panels, cartoon drawings, and speech bubbles",1.000000,1.000000,True
/Users/andrewyong/Pictures/GooglePhotos/library/2016-02-18/24-Jeremiah-FNL.jpg,"a scanned comic book page with illustrated panels, cartoon drawings, and speech bubbles",1.000000,1.000000,True
/Users/andrewyong/Pictures/GooglePhotos/library/2016-02-18/33-Jonah-FNL.jpg,"a scanned comic book page with illustrated panels, cartoon drawings, and speech bubbles",1.000000,1.000000,True
/Users/andrewyong/Pictures/GooglePhotos/library/2005-12-09/WD_Xmas_Parade_2_12.jpg,"a scanned comic book page with illustrated panels, cartoon drawings, and speech bubbles",1.000000,1.000000,True
/Users/andrewyong/Pictures/GooglePhotos/library/2005-12-09/WD_Xmas_Parade_2_13.jpg,"a scanned comic book page with illustrated panels, cartoon drawings, and speech bubbles",1.000000,1.000000,True
/Users/andrewyong/Pictures/GooglePhotos/library/2005-12-09/WD_Xmas_Parade_2_05.jpg,"a scanned comic book page with illustrated panels, cartoon drawings, and speech bubbles",1.000000,1.000000,True
/Users/andrewyong/Pictures/GooglePhotos/library/2005-12-09/WD_Xmas_Parade_2_10.jpg,"a scanned comic book page with illustrated panels, cartoon drawings, and speech bubbles",1.000000,1.000000,True
/Users/andrewyong/Pictures/GooglePhotos/library/2005-12-09/WD_Xmas_Parade_2_04.jpg,"a scanned comic book page with illustrated panels, cartoon drawings, and speech bubbles",1.000000,1.000000,True
/Users/andrewyong/Pictures/GooglePhotos/library/2005-12-09/WD_Xmas_Parade_2_15.jpg,"a scanned comic book page with illustrated panels, cartoon drawings, and speech bubbles",1.000000,1.000000,True
/Users/andrewyong/Pictures/GooglePhotos/library/2005-12-09/WD_Xmas_Parade_2_17.jpg,"a scanned comic book page with illustrated panels, cartoon drawings, and speech bubbles",1.000000,1.000000,True
/Users/andrewyong/Pictures/GooglePhotos/library/2005-12-09/WD_Xmas_Parade_2_16.jpg,"a scanned comic book page with illustrated panels, cartoon drawings, and speech bubbles",1.000000,1.000000,True
/Users/andrewyong/Pictures/GooglePhotos/library/2005-12-09/WD_Xmas_Parade_2_45.jpg,"a scanned comic book page with illustrated panels, cartoon drawings, and speech bubbles",1.000000,1.000000,True
/Users/andrewyong/Pictures/GooglePhotos/library/2005-12-09/WD_Xmas_Parade_2_46.jpg,"a scanned comic book page with illustrated panels, cartoon drawings, and speech bubbles",1.000000,1.000000,True
/Users/andrewyong/Pictures/GooglePhotos/library/2005-12-09/WD_Xmas_Parade_2_27.jpg,"a scanned comic book page with illustrated panels, cartoon drawings, and speech bubbles",1.000000,1.000000,True
/Users/andrewyong/Pictures/GooglePhotos/library/2005-12-09/WD_Xmas_Parade_2_24.jpg,"a scanned comic book page with illustrated panels, cartoon drawings, and speech bubbles",1.000000,1.000000,True
/Users/andrewyong/Pictures/GooglePhotos/library/2005-12-09/WD_Xmas_Parade_2_25.jpg,"a scanned comic book page with illustrated panels, cartoon drawings, and speech bubbles",1.000000,1.000000,True
/Users/andrewyong/Pictures/GooglePhotos/library/2005-12-09/WD_Xmas_Parade_2_08.jpg,"a scanned comic book page with illustrated panels, cartoon drawings, and speech bubbles",1.000000,1.000000,True
/Users/andrewyong/Pictures/GooglePhotos/library/2005-12-09/WD_Xmas_Parade_2_23.jpg,"a scanned comic book page with illustrated panels, cartoon drawings, and speech bubbles",1.000000,1.000000,True
/Users/andrewyong/Pictures/GooglePhotos/library/2007-02-27/14.jpg,"a scanned comic book page with illustrated panels, cartoon drawings, and speech bubbles",1.000000,1.000000,True
/Users/andrewyong/Pictures/GooglePhotos/library/2007-02-27/15.jpg,"a scanned comic book page with illustrated panels, cartoon drawings, and speech bubbles",1.000000,1.000000,True
/Users/andrewyong/Pictures/GooglePhotos/library/2007-02-27/17.jpg,"a scanned comic book page with illustrated panels, cartoon drawings, and speech bubbles",1.000000,1.000000,True
/Users/andrewyong/Pictures/GooglePhotos/library/2007-02-27/16.jpg,"a scanned comic book page with illustrated panels, cartoon drawings, and speech bubbles",1.000000,1.000000,True
/Users/andrewyong/Pictures/GooglePhotos/library/2007-02-27/12.jpg,"a scanned comic book page with illustrated panels, cartoon drawings, and speech bubbles",1.000000,1.000000,True
/Users/andrewyong/Pictures/GooglePhotos/library/2007-02-27/06.jpg,"a scanned comic book page with illustrated panels, cartoon drawings, and speech bubbles",1.000000,1.000000,True
/Users/andrewyong/Pictures/GooglePhotos/library/2007-02-27/07.jpg,"a scanned comic book page with illustrated panels, cartoon drawings, and speech bubbles",1.000000,1.000000,True
/Users/andrewyong/Pictures/GooglePhotos/library/2007-02-27/13.jpg,"a scanned comic book page with illustrated panels, cartoon drawings, and speech bubbles",1.000000,1.000000,True
/Users/andrewyong/Pictures/GooglePhotos/library/2007-02-27/10.jpg,"a scanned comic book page with illustrated panels, cartoon drawings, and speech bubbles",1.000000,1.000000,True
/Users/andrewyong/Pictures/GooglePhotos/library/2007-02-27/09.jpg,"a scanned comic book page with illustrated panels, cartoon drawings, and speech bubbles",1.000000,1.000000,True
/Users/andrewyong/Pictures/GooglePhotos/library/2007-02-27/08.jpg,"a scanned comic book page with illustrated panels, cartoon drawings, and speech bubbles",1.000000,1.000000,True
/Users/andrewyong/Pictures/GooglePhotos/library/2007-02-27/20.jpg,"a scanned comic book page with illustrated panels, cartoon drawings, and speech bubbles",1.000000,1.000000,True
/Users/andrewyong/Pictures/GooglePhotos/library/2007-02-27/22.jpg,"a scanned comic book page with illustrated panels, cartoon drawings, and speech bubbles",1.000000,1.000000,True
/Users/andrewyong/Pictures/GooglePhotos/library/2007-02-27/23.jpg,"a scanned comic book page with illustrated panels, cartoon drawings, and speech bubbles",1.000000,1.000000,True
/Users/andrewyong/Pictures/GooglePhotos/library/2007-02-27/19.jpg,"a scanned comic book page with illustrated panels, cartoon drawings, and speech bubbles",1.000000,1.000000,True
/Users/andrewyong/Pictures/GooglePhotos/library/2002-11-15/14.jpg,"a scanned comic book page with illustrated panels, cartoon drawings, and speech bubbles",1.000000,1.000000,True
/Users/andrewyong/Pictures/GooglePhotos/library/2002-11-15/15.jpg,"a scanned comic book page with illustrated panels, cartoon drawings, and speech bubbles",1.000000,1.000000,True
/Users/andrewyong/Pictures/GooglePhotos/library/2002-11-15/17.jpg,"a scanned comic book page with illustrated panels, cartoon drawings, and speech bubbles",1.000000,1.000000,True
/Users/andrewyong/Pictures/GooglePhotos/library/2002-11-15/16.jpg,"a scanned comic book page with illustrated panels, cartoon drawings, and speech bubbles",1.000000,1.000000,True
/Users/andrewyong/Pictures/GooglePhotos/library/2002-11-15/12.jpg,"a scanned comic book page with illustrated panels, cartoon drawings, and speech bubbles",1.000000,1.000000,True
/Users/andrewyong/Pictures/GooglePhotos/library/2002-11-15/06.jpg,"a scanned comic book page with illustrated panels, cartoon drawings, and speech bubbles",1.000000,1.000000,True
/Users/andrewyong/Pictures/GooglePhotos/library/2002-11-15/07.jpg,"a scanned comic book page with illustrated panels, cartoon drawings, and speech bubbles",1.000000,1.000000,True
/Users/andrewyong/Pictures/GooglePhotos/library/2002-11-15/13.jpg,"a scanned comic book page with illustrated panels, cartoon drawings, and speech bubbles",1.000000,1.000000,True
/Users/andrewyong/Pictures/GooglePhotos/library/2002-11-15/05.jpg,"a scanned comic book page with illustrated panels, cartoon drawings, and speech bubbles",1.000000,1.000000,True
/Users/andrewyong/Pictures/GooglePhotos/library/2002-11-15/11.jpg,"a scanned comic book page with illustrated panels, cartoon drawings, and speech bubbles",1.000000,1.000000,True
/Users/andrewyong/Pictures/GooglePhotos/library/2002-11-15/10.jpg,"a scanned comic book page with illustrated panels, cartoon drawings, and speech bubbles",1.000000,1.000000,True
/Users/andrewyong/Pictures/GooglePhotos/library/2002-11-15/21.jpg,"a scanned comic book page with illustrated panels, cartoon drawings, and speech bubbles",1.000000,1.000000,True
/Users/andrewyong/Pictures/GooglePhotos/library/2002-11-15/09.jpg,"a scanned comic book page with illustrated panels, cartoon drawings, and speech bubbles",1.000000,1.000000,True
/Users/andrewyong/Pictures/GooglePhotos/library/2002-11-15/08.jpg,"a scanned comic book page with illustrated panels, cartoon drawings, and speech bubbles",1.000000,1.000000,True
/Users/andrewyong/Pictures/GooglePhotos/library/2002-11-15/20.jpg,"a scanned comic book page with illustrated panels, cartoon drawings, and speech bubbles",1.000000,1.000000,True
/Users/andrewyong/Pictures/GooglePhotos/library/2002-11-15/22.jpg,"a scanned comic book page with illustrated panels, cartoon drawings, and speech bubbles",1.000000,1.000000,True
/Users/andrewyong/Pictures/GooglePhotos/library/2002-11-15/23.jpg,"a scanned comic book page with illustrated panels, cartoon drawings, and speech bubbles",1.000000,1.000000,True
/Users/andrewyong/Pictures/GooglePhotos/library/2002-11-15/18.jpg,"a scanned comic book page with illustrated panels, cartoon drawings, and speech bubbles",1.000000,1.000000,True
/Users/andrewyong/Pictures/GooglePhotos/library/2002-11-15/19.jpg,"a scanned comic book page with illustrated panels, cartoon drawings, and speech bubbles",1.000000,1.000000,True
/Users/andrewyong/Pictures/GooglePhotos/library/2006-12-03/02.jpg,"a scanned comic book page with illustrated panels, cartoon drawings, and speech bubbles",1.000000,1.000000,True
/Users/andrewyong/Pictures/GooglePhotos/library/2006-12-03/07.jpg,"a scanned comic book page with illustrated panels, cartoon drawings, and speech bubbles",1.000000,1.000000,True
/Users/andrewyong/Pictures/GooglePhotos/library/2006-12-03/05.jpg,"a scanned comic book page with illustrated panels, cartoon drawings, and speech bubbles",1.000000,1.000000,True
/Users/andrewyong/Pictures/GooglePhotos/library/2006-12-03/09.jpg,"a scanned comic book page with illustrated panels, cartoon drawings, and speech bubbles",1.000000,1.000000,True
/Users/andrewyong/Pictures/GooglePhotos/library/2003-12-11/23.jpg,"a scanned comic book page with illustrated panels, cartoon drawings, and speech bubbles",1.000000,1.000000,True
/Users/andrewyong/Pictures/GooglePhotos/library/2003-12-11/24.jpg,"a scanned comic book page with illustrated panels, cartoon drawings, and speech bubbles",1.000000,1.000000,True
/Users/andrewyong/Pictures/GooglePhotos/library/2004-05-23/ZS 37-03-07.jpg,"a scanned comic book page with illustrated panels, cartoon drawings, and speech bubbles",1.000000,1.000000,True
/Users/andrewyong/Pictures/GooglePhotos/library/2004-05-23/ZS 37-01-03.jpg,"a scanned comic book page with illustrated panels, cartoon drawings, and speech bubbles",1.000000,1.000000,True
/Users/andrewyong/Pictures/GooglePhotos/library/2004-05-23/ZS 37-01-10.jpg,"a scanned comic book page with illustrated panels, cartoon drawings, and speech bubbles",1.000000,1.000000,True
/Users/andrewyong/Pictures/GooglePhotos/library/2004-05-23/ZS 37-02-14.jpg,"a scanned comic book page with illustrated panels, cartoon drawings, and speech bubbles",1.000000,1.000000,True
/Users/andrewyong/Pictures/GooglePhotos/library/2004-05-23/ZS 37-02-28.jpg,"a scanned comic book page with illustrated panels, cartoon drawings, and speech bubbles",1.000000,1.000000,True
/Users/andrewyong/Pictures/GooglePhotos/library/2004-05-23/ZS 37-01-24.jpg,"a scanned comic book page with illustrated panels, cartoon drawings, and speech bubbles",1.000000,1.000000,True
/Users/andrewyong/Pictures/GooglePhotos/library/2025-01-30/IMG_0529.HEIC,"a scanned comic book page with illustrated panels, cartoon drawings, and speech bubbles",1.000000,1.000000,True
/Users/andrewyong/Pictures/GooglePhotos/library/2025-01-30/IMG_0533.HEIC,"a scanned comic book page with illustrated panels, cartoon drawings, and speech bubbles",1.000000,1.000000,True
/Users/andrewyong/Pictures/GooglePhotos/library/2025-01-30/IMG_0524.HEIC,"a scanned comic book page with illustrated panels, cartoon drawings, and speech bubbles",1.000000,1.000000,True
/Users/andrewyong/Pictures/GooglePhotos/library/2025-01-30/IMG_0532.HEIC,"a scanned comic book page with illustrated panels, cartoon drawings, and speech bubbles",1.000000,1.000000,True
/Users/andrewyong/Pictures/GooglePhotos/library/2025-01-30/IMG_0528.HEIC,"a scanned comic book page with illustrated panels, cartoon drawings, and speech bubbles",1.000000,1.000000,True
/Users/andrewyong/Pictures/GooglePhotos/library/2025-01-30/IMG_0535.HEIC,"a scanned comic book page with illustrated panels, cartoon drawings, and speech bubbles",1.000000,1.000000,True
/Users/andrewyong/Pictures/GooglePhotos/library/2025-01-30/IMG_0534.HEIC,"a scanned comic book page with illustrated panels, cartoon drawings, and speech bubbles",1.000000,1.000000,True
/Users/andrewyong/Pictures/GooglePhotos/library/2025-01-30/IMG_0537.HEIC,"a scanned comic book page with illustrated panels, cartoon drawings, and speech bubbles",1.000000,1.000000,True
/Users/andrewyong/Pictures/GooglePhotos/library/2025-01-30/IMG_0536.HEIC,"a scanned comic book page with illustrated panels, cartoon drawings, and speech bubbles",1.000000,1.000000,True
/Users/andrewyong/Pictures/GooglePhotos/library/2025-01-30/IMG_0527.HEIC,"a scanned comic book page with illustrated panels, cartoon drawings, and speech bubbles",1.000000,1.000000,True
/Users/andrewyong/Pictures/GooglePhotos/library/2025-01-30/IMG_0526.HEIC,"a scanned comic book page with illustrated panels, cartoon drawings, and speech bubbles",1.000000,1.000000,True
/Users/andrewyong/Pictures/GooglePhotos/library/2016-01-05/28-Daniel-FNL.jpg,"a scanned comic book page with illustrated panels, cartoon drawings, and speech bubbles",1.000000,1.000000,True
/Users/andrewyong/Pictures/GooglePhotos/library/2004-07-26/17.jpg,"a scanned comic book page with illustrated panels, cartoon drawings, and speech bubbles",1.000000,1.000000,True
/Users/andrewyong/Pictures/GooglePhotos/library/2004-07-26/12.jpg,"a scanned comic book page with illustrated panels, cartoon drawings, and speech bubbles",1.000000,1.000000,True
/Users/andrewyong/Pictures/GooglePhotos/library/2004-07-26/13.jpg,"a scanned comic book page with illustrated panels, cartoon drawings, and speech bubbles",1.000000,1.000000,True
/Users/andrewyong/Pictures/GooglePhotos/library/2004-07-26/11.jpg,"a scanned comic book page with illustrated panels, cartoon drawings, and speech bubbles",1.000000,1.000000,True
/Users/andrewyong/Pictures/GooglePhotos/library/2004-07-26/21.jpg,"a scanned comic book page with illustrated panels, cartoon drawings, and speech bubbles",1.000000,1.000000,True
/Users/andrewyong/Pictures/GooglePhotos/library/2004-07-26/20.jpg,"a scanned comic book page with illustrated panels, cartoon drawings, and speech bubbles",1.000000,1.000000,True
/Users/andrewyong/Pictures/GooglePhotos/library/2004-07-26/22.jpg,"a scanned comic book page with illustrated panels, cartoon drawings, and speech bubbles",1.000000,1.000000,True
/Users/andrewyong/Pictures/GooglePhotos/library/2004-07-26/23.jpg,"a scanned comic book page with illustrated panels, cartoon drawings, and speech bubbles",1.000000,1.000000,True
/Users/andrewyong/Pictures/GooglePhotos/library/2004-07-26/26.jpg,"a scanned comic book page with illustrated panels, cartoon drawings, and speech bubbles",1.000000,1.000000,True
/Users/andrewyong/Pictures/GooglePhotos/library/2004-07-26/18.jpg,"a scanned comic book page with illustrated panels, cartoon drawings, and speech bubbles",1.000000,1.000000,True
/Users/andrewyong/Pictures/GooglePhotos/library/2004-07-26/24.jpg,"a scanned comic book page with illustrated panels, cartoon drawings, and speech bubbles",1.000000,1.000000,True
/Users/andrewyong/Pictures/GooglePhotos/library/2004-07-26/25.jpg,"a scanned comic book page with illustrated panels, cartoon drawings, and speech bubbles",1.000000,1.000000,True
/Users/andrewyong/Pictures/GooglePhotos/library/2007-02-14/29.jpg,"a scanned comic book page with illustrated panels, cartoon drawings, and speech bubbles",0.999999,0.999999,True
/Users/andrewyong/Pictures/GooglePhotos/library/2005-11-05/02.jpg,"a scanned comic book page with illustrated panels, cartoon drawings, and speech bubbles",0.999999,0.999999,True
/Users/andrewyong/Pictures/GooglePhotos/library/2006-06-06/26.jpg,"a scanned comic book page with illustrated panels, cartoon drawings, and speech bubbles",0.999999,0.999999,True
/Users/andrewyong/Pictures/GooglePhotos/library/2007-04-02/01.jpg,"a scanned comic book page with illustrated panels, cartoon drawings, and speech bubbles",0.999999,0.999999,True
/Users/andrewyong/Pictures/GooglePhotos/library/2016-09-16/US_Adv_35-17.jpg,"a scanned comic book page with illustrated panels, cartoon drawings, and speech bubbles",0.999999,0.999999,True
/Users/andrewyong/Pictures/GooglePhotos/library/2016-09-16/US_Adv_39-17.jpg,"a scanned comic book page with illustrated panels, cartoon drawings, and speech bubbles",0.999999,0.999999,True
/Users/andrewyong/Pictures/GooglePhotos/library/2016-09-16/4c0238-005.jpg,"a scanned comic book page with illustrated panels, cartoon drawings, and speech bubbles",0.999999,0.999999,True
/Users/andrewyong/Pictures/GooglePhotos/library/2016-09-16/US_Adv_35-16.jpg,"a scanned comic book page with illustrated panels, cartoon drawings, and speech bubbles",0.999999,0.999999,True
/Users/andrewyong/Pictures/GooglePhotos/library/2016-09-16/US_Adv_35-02.jpg,"a scanned comic book page with illustrated panels, cartoon drawings, and speech bubbles",0.999999,0.999999,True
/Users/andrewyong/Pictures/GooglePhotos/library/2016-09-16/US89-07.jpg,"a scanned comic book page with illustrated panels, cartoon drawings, and speech bubbles",0.999999,0.999999,True
/Users/andrewyong/Pictures/GooglePhotos/library/2016-09-16/US_Adv_39-15.jpg,"a scanned comic book page with illustrated panels, cartoon drawings, and speech bubbles",0.999999,0.999999,True
/Users/andrewyong/Pictures/GooglePhotos/library/2016-09-16/US_Adv_35-11.jpg,"a scanned comic book page with illustrated panels, cartoon drawings, and speech bubbles",0.999999,0.999999,True
/Users/andrewyong/Pictures/GooglePhotos/library/2016-09-16/US_Adv_39-04.jpg,"a scanned comic book page with illustrated panels, cartoon drawings, and speech bubbles",0.999999,0.999999,True
/Users/andrewyong/Pictures/GooglePhotos/library/2016-09-16/US_Adv_35-12.jpg,"a scanned comic book page with illustrated panels, cartoon drawings, and speech bubbles",0.999999,0.999999,True
/Users/andrewyong/Pictures/GooglePhotos/library/2016-09-16/YD 38-03-04.jpg,"a scanned comic book page with illustrated panels, cartoon drawings, and speech bubbles",0.999999,0.999999,True
/Users/andrewyong/Pictures/GooglePhotos/library/2016-09-16/US_Adv_39-12.jpg,"a scanned comic book page with illustrated panels, cartoon drawings, and speech bubbles",0.999999,0.999999,True
/Users/andrewyong/Pictures/GooglePhotos/library/2016-09-16/US89-14.jpg,"a scanned comic book page with illustrated panels, cartoon drawings, and speech bubbles",0.999999,0.999999,True
/Users/andrewyong/Pictures/GooglePhotos/library/2016-09-16/01.jpg,"a scanned comic book page with illustrated panels, cartoon drawings, and speech bubbles",0.999999,0.999999,True
/Users/andrewyong/Pictures/GooglePhotos/library/2016-09-16/YD 38-07-30.jpg,"a scanned comic book page with illustrated panels, cartoon drawings, and speech bubbles",0.999999,0.999999,True
/Users/andrewyong/Pictures/GooglePhotos/library/2016-09-16/USA_23_04.jpg,"a scanned comic book page with illustrated panels, cartoon drawings, and speech bubbles",0.999999,0.999999,True
/Users/andrewyong/Pictures/GooglePhotos/library/2016-09-16/YD 38-02-11.jpg,"a scanned comic book page with illustrated panels, cartoon drawings, and speech bubbles",0.999999,0.999999,True
/Users/andrewyong/Pictures/GooglePhotos/library/2016-09-16/YD 38-02-07.jpg,"a scanned comic book page with illustrated panels, cartoon drawings, and speech bubbles",0.999999,0.999999,True
/Users/andrewyong/Pictures/GooglePhotos/library/2016-09-16/US_Adv_35-29_text.jpg,"a scanned comic book page with illustrated panels, cartoon drawings, and speech bubbles",0.999999,0.999999,True
/Users/andrewyong/Pictures/GooglePhotos/library/2016-09-16/US_Adv_39-22.jpg,"a scanned comic book page with illustrated panels, cartoon drawings, and speech bubbles",0.999999,0.999999,True
/Users/andrewyong/Pictures/GooglePhotos/library/2016-09-16/US_Adv_35-09.jpg,"a scanned comic book page with illustrated panels, cartoon drawings, and speech bubbles",0.999999,0.999999,True
/Users/andrewyong/Pictures/GooglePhotos/library/2016-09-16/US89-26.jpg,"a scanned comic book page with illustrated panels, cartoon drawings, and speech bubbles",0.999999,0.999999,True
/Users/andrewyong/Pictures/GooglePhotos/library/2016-09-16/US89-09.jpg,"a scanned comic book page with illustrated panels, cartoon drawings, and speech bubbles",0.999999,0.999999,True
/Users/andrewyong/Pictures/GooglePhotos/library/2016-09-16/4c0238-021.jpg,"a scanned comic book page with illustrated panels, cartoon drawings, and speech bubbles",0.999999,0.999999,True
/Users/andrewyong/Pictures/GooglePhotos/library/2004-05-27/ZS 36-10-18.jpg,"a scanned comic book page with illustrated panels, cartoon drawings, and speech bubbles",0.999999,0.999999,True
/Users/andrewyong/Pictures/GooglePhotos/library/2004-05-27/ZS 36-09-06.jpg,"a scanned comic book page with illustrated panels, cartoon drawings, and speech bubbles",0.999999,0.999999,True
/Users/andrewyong/Pictures/GooglePhotos/library/2004-05-27/ZS 36-11-01.jpg,"a scanned comic book page with illustrated panels, cartoon drawings, and speech bubbles",0.999999,0.999999,True
/Users/andrewyong/Pictures/GooglePhotos/library/2004-05-27/ZS 36-11-15.jpg,"a scanned comic book page with illustrated panels, cartoon drawings, and speech bubbles",0.999999,0.999999,True
/Users/andrewyong/Pictures/GooglePhotos/library/2004-05-27/ZS 36-09-20.jpg,"a scanned comic book page with illustrated panels, cartoon drawings, and speech bubbles",0.999999,0.999999,True
/Users/andrewyong/Pictures/GooglePhotos/library/2004-05-18/ZS 37-06-20.jpg,"a scanned comic book page with illustrated panels, cartoon drawings, and speech bubbles",0.999999,0.999999,True
/Users/andrewyong/Pictures/GooglePhotos/library/2004-05-18/ZS 37-06-27.jpg,"a scanned comic book page with illustrated panels, cartoon drawings, and speech bubbles",0.999999,0.999999,True
/Users/andrewyong/Pictures/GooglePhotos/library/2004-05-18/ZS 37-05-16.jpg,"a scanned comic book page with illustrated panels, cartoon drawings, and speech bubbles",0.999999,0.999999,True
/Users/andrewyong/Pictures/GooglePhotos/library/2004-05-18/ZS 37-05-23.jpg,"a scanned comic book page with illustrated panels, cartoon drawings, and speech bubbles",0.999999,0.999999,True
/Users/andrewyong/Pictures/GooglePhotos/library/2003-12-13/13.jpg,"a scanned comic book page with illustrated panels, cartoon drawings, and speech bubbles",0.999999,0.999999,True
/Users/andrewyong/Pictures/GooglePhotos/library/2003-11-27/us322_56.jpg,"a scanned comic book page with illustrated panels, cartoon drawings, and speech bubbles",0.999999,0.999999,True
/Users/andrewyong/Pictures/GooglePhotos/library/2003-11-27/us322_55.jpg,"a scanned comic book page with illustrated panels, cartoon drawings, and speech bubbles",0.999999,0.999999,True
/Users/andrewyong/Pictures/GooglePhotos/library/2003-11-27/us322_51.jpg,"a scanned comic book page with illustrated panels, cartoon drawings, and speech bubbles",0.999999,0.999999,True
/Users/andrewyong/Pictures/GooglePhotos/library/2011-05-24/Boom Blast_10.jpg,"a scanned comic book page with illustrated panels, cartoon drawings, and speech bubbles",0.999999,0.999999,True
/Users/andrewyong/Pictures/GooglePhotos/library/2011-05-24/Boom Blast_07.jpg,"a scanned comic book page with illustrated panels, cartoon drawings, and speech bubbles",0.999999,0.999999,True
/Users/andrewyong/Pictures/GooglePhotos/library/2011-05-24/Boom Blast_13.jpg,"a scanned comic book page with illustrated panels, cartoon drawings, and speech bubbles",0.999999,0.999999,True
/Users/andrewyong/Pictures/GooglePhotos/library/2011-05-24/Boom Blast_08.jpg,"a scanned comic book page with illustrated panels, cartoon drawings, and speech bubbles",0.999999,0.999999,True
/Users/andrewyong/Pictures/GooglePhotos/library/2016-02-18/07-Deuteronomy-FNL.jpg,"a scanned comic book page with illustrated panels, cartoon drawings, and speech bubbles",0.999999,0.999999,True
/Users/andrewyong/Pictures/GooglePhotos/library/2005-12-09/WD_Xmas_Parade_2_11.jpg,"a scanned comic book page with illustrated panels, cartoon drawings, and speech bubbles",0.999999,0.999999,True
/Users/andrewyong/Pictures/GooglePhotos/library/2005-12-09/WD_Xmas_Parade_2_14.jpg,"a scanned comic book page with illustrated panels, cartoon drawings, and speech bubbles",0.999999,0.999999,True
/Users/andrewyong/Pictures/GooglePhotos/library/2005-12-09/01.jpg,"a scanned comic book page with illustrated panels, cartoon drawings, and speech bubbles",0.999999,0.999999,True
/Users/andrewyong/Pictures/GooglePhotos/library/2005-12-09/WD_Xmas_Parade_2_43.jpg,"a scanned comic book page with illustrated panels, cartoon drawings, and speech bubbles",0.999999,0.999999,True
/Users/andrewyong/Pictures/GooglePhotos/library/2005-12-09/WD_Xmas_Parade_2_18.jpg,"a scanned comic book page with illustrated panels, cartoon drawings, and speech bubbles",0.999999,0.999999,True
/Users/andrewyong/Pictures/GooglePhotos/library/2005-12-09/WD_Xmas_Parade_2_22.jpg,"a scanned comic book page with illustrated panels, cartoon drawings, and speech bubbles",0.999999,0.999999,True
/Users/andrewyong/Pictures/GooglePhotos/library/2007-02-27/11.jpg,"a scanned comic book page with illustrated panels, cartoon drawings, and speech bubbles",0.999999,0.999999,True
/Users/andrewyong/Pictures/GooglePhotos/library/2007-02-27/21.jpg,"a scanned comic book page with illustrated panels, cartoon drawings, and speech bubbles",0.999999,0.999999,True
/Users/andrewyong/Pictures/GooglePhotos/library/2007-02-27/18.jpg,"a scanned comic book page with illustrated panels, cartoon drawings, and speech bubbles",0.999999,0.999999,True
/Users/andrewyong/Pictures/GooglePhotos/library/2002-11-15/01.jpg,"a scanned comic book page with illustrated panels, cartoon drawings, and speech bubbles",0.999999,0.999999,True
/Users/andrewyong/Pictures/GooglePhotos/library/2006-12-03/01.jpg,"a scanned comic book page with illustrated panels, cartoon drawings, and speech bubbles",0.999999,0.999999,True
/Users/andrewyong/Pictures/GooglePhotos/library/2006-12-03/03.jpg,"a scanned comic book page with illustrated panels, cartoon drawings, and speech bubbles",0.999999,0.999999,True
/Users/andrewyong/Pictures/GooglePhotos/library/2006-12-03/06.jpg,"a scanned comic book page with illustrated panels, cartoon drawings, and speech bubbles",0.999999,0.999999,True
/Users/andrewyong/Pictures/GooglePhotos/library/2006-12-03/10.jpg,"a scanned comic book page with illustrated panels, cartoon drawings, and speech bubbles",0.999999,0.999999,True
/Users/andrewyong/Pictures/GooglePhotos/library/2006-12-03/08.jpg,"a scanned comic book page with illustrated panels, cartoon drawings, and speech bubbles",0.999999,0.999999,True
/Users/andrewyong/Pictures/GooglePhotos/library/2004-05-23/ZS 36-12-27.jpg,"a scanned comic book page with illustrated panels, cartoon drawings, and speech bubbles",0.999999,0.999999,True
/Users/andrewyong/Pictures/GooglePhotos/library/2004-05-23/ZS 37-03-14.jpg,"a scanned comic book page with illustrated panels, cartoon drawings, and speech bubbles",0.999999,0.999999,True
/Users/andrewyong/Pictures/GooglePhotos/library/2004-05-23/ZS 37-03-28.jpg,"a scanned comic book page with illustrated panels, cartoon drawings, and speech bubbles",0.999999,0.999999,True
/Users/andrewyong/Pictures/GooglePhotos/library/2004-05-23/ZS 37-02-07.jpg,"a scanned comic book page with illustrated panels, cartoon drawings, and speech bubbles",0.999999,0.999999,True
/Users/andrewyong/Pictures/GooglePhotos/library/2004-05-23/ZS 37-01-31.jpg,"a scanned comic book page with illustrated panels, cartoon drawings, and speech bubbles",0.999999,0.999999,True
/Users/andrewyong/Pictures/GooglePhotos/library/2004-05-23/ZS 37-03-21.jpg,"a scanned comic book page with illustrated panels, cartoon drawings, and speech bubbles",0.999999,0.999999,True
/Users/andrewyong/Pictures/GooglePhotos/library/2025-01-30/IMG_0525.HEIC,"a scanned comic book page with illustrated panels, cartoon drawings, and speech bubbles",0.999999,0.999999,True
/Users/andrewyong/Pictures/GooglePhotos/library/2025-01-30/IMG_0530.HEIC,"a scanned comic book page with illustrated panels, cartoon drawings, and speech bubbles",0.999999,0.999999,True
/Users/andrewyong/Pictures/GooglePhotos/library/2016-01-05/25-Lamentations-FNL.jpg,"a scanned comic book page with illustrated panels, cartoon drawings, and speech bubbles",0.999999,0.999999,True
/Users/andrewyong/Pictures/GooglePhotos/library/2024-10-10/IMG_0080.HEIC,"a scanned comic book page with illustrated panels, cartoon drawings, and speech bubbles",0.999998,0.999998,True
/Users/andrewyong/Pictures/GooglePhotos/library/2007-04-02/02.jpg,"a scanned comic book page with illustrated panels, cartoon drawings, and speech bubbles",0.999998,0.999998,True
/Users/andrewyong/Pictures/GooglePhotos/library/2016-09-16/YD 38-03-29.jpg,"a scanned comic book page with illustrated panels, cartoon drawings, and speech bubbles",0.999998,0.999998,True
/Users/andrewyong/Pictures/GooglePhotos/library/2016-09-16/US_Adv_35-28_ad.jpg,"a scanned comic book page with illustrated panels, cartoon drawings, and speech bubbles",0.999998,0.999998,True
/Users/andrewyong/Pictures/GooglePhotos/library/2016-09-16/4c0238-013.jpg,"a scanned comic book page with illustrated panels, cartoon drawings, and speech bubbles",0.999998,0.999998,True
/Users/andrewyong/Pictures/GooglePhotos/library/2016-09-16/US_Adv_39-07.jpg,"a scanned comic book page with illustrated panels, cartoon drawings, and speech bubbles",0.999998,0.999998,True
/Users/andrewyong/Pictures/GooglePhotos/library/2016-09-16/YD 38-02-08.jpg,"a scanned comic book page with illustrated panels, cartoon drawings, and speech bubbles",0.999998,0.999998,True
/Users/andrewyong/Pictures/GooglePhotos/library/2016-09-16/YD 38-02-28.jpg,"a scanned comic book page with illustrated panels, cartoon drawings, and speech bubbles",0.999998,0.999998,True
/Users/andrewyong/Pictures/GooglePhotos/library/2016-09-16/YD 38-03-22.jpg,"a scanned comic book page with illustrated panels, cartoon drawings, and speech bubbles",0.999998,0.999998,True
/Users/andrewyong/Pictures/GooglePhotos/library/2016-09-16/US_Adv_39-19.jpg,"a scanned comic book page with illustrated panels, cartoon drawings, and speech bubbles",0.999998,0.999998,True
/Users/andrewyong/Pictures/GooglePhotos/library/2004-05-27/ZS 36-11-08.jpg,"a scanned comic book page with illustrated panels, cartoon drawings, and speech bubbles",0.999998,0.999998,True
/Users/andrewyong/Pictures/GooglePhotos/library/2004-05-27/ZS 36-10-04.jpg,"a scanned comic book page with illustrated panels, cartoon drawings, and speech bubbles",0.999998,0.999998,True
/Users/andrewyong/Pictures/GooglePhotos/library/2004-05-18/ZS 37-04-25.jpg,"a scanned comic book page with illustrated panels, cartoon drawings, and speech bubbles",0.999998,0.999998,True
/Users/andrewyong/Pictures/GooglePhotos/library/2003-12-13/16.jpg,"a scanned comic book page with illustrated panels, cartoon drawings, and speech bubbles",0.999998,0.999998,True
/Users/andrewyong/Pictures/GooglePhotos/library/2003-11-27/us322_60.jpg,"a scanned comic book page with illustrated panels, cartoon drawings, and speech bubbles",0.999998,0.999998,True
/Users/andrewyong/Pictures/GooglePhotos/library/2003-11-27/us322_54.jpg,"a scanned comic book page with illustrated panels, cartoon drawings, and speech bubbles",0.999998,0.999998,True
/Users/andrewyong/Pictures/GooglePhotos/library/2005-12-09/WD_Xmas_Parade_2_06.jpg,"a scanned comic book page with illustrated panels, cartoon drawings, and speech bubbles",0.999998,0.999998,True
/Users/andrewyong/Pictures/GooglePhotos/library/2005-12-09/WD_Xmas_Parade_2_26.jpg,"a scanned comic book page with illustrated panels, cartoon drawings, and speech bubbles",0.999998,0.999998,True
/Users/andrewyong/Pictures/GooglePhotos/library/2005-12-09/WD_Xmas_Parade_2_19.jpg,"a scanned comic book page with illustrated panels, cartoon drawings, and speech bubbles",0.999998,0.999998,True
/Users/andrewyong/Pictures/GooglePhotos/library/2005-12-09/WD_Xmas_Parade_2_21.jpg,"a scanned comic book page with illustrated panels, cartoon drawings, and speech bubbles",0.999998,0.999998,True
/Users/andrewyong/Pictures/GooglePhotos/library/2003-12-11/21.jpg,"a scanned comic book page with illustrated panels, cartoon drawings, and speech bubbles",0.999998,0.999998,True
/Users/andrewyong/Pictures/GooglePhotos/library/2004-05-23/ZS 37-01-17.jpg,"a scanned comic book page with illustrated panels, cartoon drawings, and speech bubbles",0.999998,0.999998,True
/Users/andrewyong/Pictures/GooglePhotos/library/2004-05-23/ZS 36-12-20.jpg,"a scanned comic book page with illustrated panels, cartoon drawings, and speech bubbles",0.999998,0.999998,True
/Users/andrewyong/Pictures/GooglePhotos/library/2004-05-23/ZS 37-04-04.jpg,"a scanned comic book page with illustrated panels, cartoon drawings, and speech bubbles",0.999998,0.999998,True
/Users/andrewyong/Pictures/GooglePhotos/library/2004-07-26/16.jpg,"a scanned comic book page with illustrated panels, cartoon drawings, and speech bubbles",0.999998,0.999998,True
/Users/andrewyong/Pictures/GooglePhotos/library/2004-07-26/19.jpg,"a scanned comic book page with illustrated panels, cartoon drawings, and speech bubbles",0.999998,0.999998,True
/Users/andrewyong/Pictures/GooglePhotos/library/2016-09-16/YD 38-03-03.jpg,"a scanned comic book page with illustrated panels, cartoon drawings, and speech bubbles",0.999997,0.999997,True
/Users/andrewyong/Pictures/GooglePhotos/library/2016-09-16/YD 38-03-10.jpg,"a scanned comic book page with illustrated panels, cartoon drawings, and speech bubbles",0.999997,0.999997,True
/Users/andrewyong/Pictures/GooglePhotos/library/2003-11-27/us322_53.jpg,"a scanned comic book page with illustrated panels, cartoon drawings, and speech bubbles",0.999997,0.999997,True
/Users/andrewyong/Pictures/GooglePhotos/library/2005-12-09/WD_Xmas_Parade_2_07.jpg,"a scanned comic book page with illustrated panels, cartoon drawings, and speech bubbles",0.999997,0.999997,True
/Users/andrewyong/Pictures/GooglePhotos/library/2005-12-09/WD_Xmas_Parade_2_44.jpg,"a scanned comic book page with illustrated panels, cartoon drawings, and speech bubbles",0.999997,0.999997,True
/Users/andrewyong/Pictures/GooglePhotos/library/2005-12-09/WD_Xmas_Parade_2_09.jpg,"a scanned comic book page with illustrated panels, cartoon drawings, and speech bubbles",0.999997,0.999997,True
/Users/andrewyong/Pictures/GooglePhotos/library/2002-11-15/24.jpg,"a scanned comic book page with illustrated panels, cartoon drawings, and speech bubbles",0.999997,0.999997,True
/Users/andrewyong/Pictures/GooglePhotos/library/2016-09-16/US_Adv_35-22.jpg,"a scanned comic book page with illustrated panels, cartoon drawings, and speech bubbles",0.999996,0.999996,True
/Users/andrewyong/Pictures/GooglePhotos/library/2004-05-18/ZS 37-05-30.jpg,"a scanned comic book page with illustrated panels, cartoon drawings, and speech bubbles",0.999996,0.999996,True
/Users/andrewyong/Pictures/GooglePhotos/library/2016-02-18/31-Amos-FNL.jpg,"a scanned comic book page with illustrated panels, cartoon drawings, and speech bubbles",0.999996,0.999996,True
/Users/andrewyong/Pictures/GooglePhotos/library/2005-12-09/WD_Xmas_Parade_2_20.jpg,"a scanned comic book page with illustrated panels, cartoon drawings, and speech bubbles",0.999996,0.999996,True
/Users/andrewyong/Pictures/GooglePhotos/library/2016-08-22/60-1-Timothy-FNL.jpg,"a scanned comic book page with illustrated panels, cartoon drawings, and speech bubbles",0.999996,0.999996,True
/Users/andrewyong/Pictures/GooglePhotos/library/2002-11-15/04.jpg,"a scanned comic book page with illustrated panels, cartoon drawings, and speech bubbles",0.999996,0.999996,True
/Users/andrewyong/Pictures/GooglePhotos/library/2004-07-26/14.jpg,"a scanned comic book page with illustrated panels, cartoon drawings, and speech bubbles",0.999996,0.999996,True
/Users/andrewyong/Pictures/GooglePhotos/library/2004-07-26/27.jpg,"a scanned comic book page with illustrated panels, cartoon drawings, and speech bubbles",0.999996,0.999996,True
/Users/andrewyong/Pictures/GooglePhotos/library/2007-04-02/03.jpg,"a scanned comic book page with illustrated panels, cartoon drawings, and speech bubbles",0.999995,0.999995,True
/Users/andrewyong/Pictures/GooglePhotos/library/2016-09-16/YD 38-03-16.jpg,"a scanned comic book page with illustrated panels, cartoon drawings, and speech bubbles",0.999995,0.999995,True
/Users/andrewyong/Pictures/GooglePhotos/library/2016-09-16/US_Adv_39-14.jpg,"a scanned comic book page with illustrated panels, cartoon drawings, and speech bubbles",0.999995,0.999995,True
/Users/andrewyong/Pictures/GooglePhotos/library/2016-09-16/YD 38-03-07.jpg,"a scanned comic book page with illustrated panels, cartoon drawings, and speech bubbles",0.999995,0.999995,True
/Users/andrewyong/Pictures/GooglePhotos/library/2016-09-16/US_Adv_35-ibc_ad.jpg,"a scanned comic book page with illustrated panels, cartoon drawings, and speech bubbles",0.999995,0.999995,True
/Users/andrewyong/Pictures/GooglePhotos/library/2016-09-16/YD 38-04-01.jpg,"a scanned comic book page with illustrated panels, cartoon drawings, and speech bubbles",0.999995,0.999995,True
/Users/andrewyong/Pictures/GooglePhotos/library/2003-11-27/us322_52.jpg,"a scanned comic book page with illustrated panels, cartoon drawings, and speech bubbles",0.999995,0.999995,True
/Users/andrewyong/Pictures/GooglePhotos/library/2016-02-18/30-Joel-FNL.jpg,"a scanned comic book page with illustrated panels, cartoon drawings, and speech bubbles",0.999995,0.999995,True
/Users/andrewyong/Pictures/GooglePhotos/library/2016-02-18/05-Leviticus-FNL-1.jpg,"a scanned comic book page with illustrated panels, cartoon drawings, and speech bubbles",0.999995,0.999995,True
/Users/andrewyong/Pictures/GooglePhotos/library/2005-12-09/WD_Xmas_Parade_2_03.jpg,"a scanned comic book page with illustrated panels, cartoon drawings, and speech bubbles",0.999995,0.999995,True
/Users/andrewyong/Pictures/GooglePhotos/library/2005-12-09/WD_Xmas_Parade_2_48.jpg,"a scanned comic book page with illustrated panels, cartoon drawings, and speech bubbles",0.999995,0.999995,True
/Users/andrewyong/Pictures/GooglePhotos/library/2007-02-27/05.jpg,"a scanned comic book page with illustrated panels, cartoon drawings, and speech bubbles",0.999995,0.999995,True
/Users/andrewyong/Pictures/GooglePhotos/library/2002-11-15/03.jpg,"a scanned comic book page with illustrated panels, cartoon drawings, and speech bubbles",0.999995,0.999995,True
/Users/andrewyong/Pictures/GooglePhotos/library/2006-12-03/04.jpg,"a scanned comic book page with illustrated panels, cartoon drawings, and speech bubbles",0.999995,0.999995,True
/Users/andrewyong/Pictures/GooglePhotos/library/2016-01-05/17-Job-FNL.jpg,"a scanned comic book page with illustrated panels, cartoon drawings, and speech bubbles",0.999995,0.999995,True
/Users/andrewyong/Pictures/GooglePhotos/library/2016-09-16/YD 38-03-01.jpg,"a scanned comic book page with illustrated panels, cartoon drawings, and speech bubbles",0.999994,0.999994,True
/Users/andrewyong/Pictures/GooglePhotos/library/2016-09-16/YD 38-03-18.jpg,"a scanned comic book page with illustrated panels, cartoon drawings, and speech bubbles",0.999994,0.999994,True
/Users/andrewyong/Pictures/GooglePhotos/library/2004-05-18/ZS 37-08-22.jpg,"a scanned comic book page with illustrated panels, cartoon drawings, and speech bubbles",0.999994,0.999994,True
/Users/andrewyong/Pictures/GooglePhotos/library/2003-12-13/18.jpg,"a scanned comic book page with illustrated panels, cartoon drawings, and speech bubbles",0.999994,0.999994,True
/Users/andrewyong/Pictures/GooglePhotos/library/2020-02-22/IMG_20200222_111913.jpg,"a scanned comic book page with illustrated panels, cartoon drawings, and speech bubbles",0.999994,0.999994,True
/Users/andrewyong/Pictures/GooglePhotos/library/2003-12-11/22.jpg,"a scanned comic book page with illustrated panels, cartoon drawings, and speech bubbles",0.999994,0.999994,True
/Users/andrewyong/Pictures/GooglePhotos/library/2004-07-26/28.jpg,"a scanned comic book page with illustrated panels, cartoon drawings, and speech bubbles",0.999994,0.999994,True
/Users/andrewyong/Pictures/GooglePhotos/library/2007-04-02/04.jpg,"a scanned comic book page with illustrated panels, cartoon drawings, and speech bubbles",0.999993,0.999993,True
/Users/andrewyong/Pictures/GooglePhotos/library/2016-09-16/US_Adv_35-01.jpg,"a scanned comic book page with illustrated panels, cartoon drawings, and speech bubbles",0.999993,0.999993,True
/Users/andrewyong/Pictures/GooglePhotos/library/2016-09-16/YD 38-02-26.jpg,"a scanned comic book page with illustrated panels, cartoon drawings, and speech bubbles",0.999993,0.999993,True
/Users/andrewyong/Pictures/GooglePhotos/library/2025-03-21/IMG_0800.HEIC,"a scanned comic book page with illustrated panels, cartoon drawings, and speech bubbles",0.999993,0.999993,True
/Users/andrewyong/Pictures/GooglePhotos/library/2016-01-05/01-02-Genesis_FNL.jpg,"a scanned comic book page with illustrated panels, cartoon drawings, and speech bubbles",0.999993,0.999993,True
/Users/andrewyong/Pictures/GooglePhotos/library/2004-05-27/ZS 36-09-13.jpg,"a scanned comic book page with illustrated panels, cartoon drawings, and speech bubbles",0.999992,0.999992,True
/Users/andrewyong/Pictures/GooglePhotos/library/2004-05-18/ZS 37-04-18.jpg,"a scanned comic book page with illustrated panels, cartoon drawings, and speech bubbles",0.999992,0.999992,True
/Users/andrewyong/Pictures/GooglePhotos/library/2016-02-18/08-Joshua-FNL.jpg,"a scanned comic book page with illustrated panels, cartoon drawings, and speech bubbles",0.999992,0.999992,True
/Users/andrewyong/Pictures/GooglePhotos/library/2004-07-26/15.jpg,"a scanned comic book page with illustrated panels, cartoon drawings, and speech bubbles",0.999992,0.999992,True
/Users/andrewyong/Pictures/GooglePhotos/library/2016-09-16/YD 38-03-09.jpg,"a scanned comic book page with illustrated panels, cartoon drawings, and speech bubbles",0.999990,0.999990,True
/Users/andrewyong/Pictures/GooglePhotos/library/2016-09-16/YD 38-03-23.jpg,"a scanned comic book page with illustrated panels, cartoon drawings, and speech bubbles",0.999990,0.999990,True
/Users/andrewyong/Pictures/GooglePhotos/library/2016-09-16/YD 38-02-10.jpg,"a scanned comic book page with illustrated panels, cartoon drawings, and speech bubbles",0.999989,0.999989,True
/Users/andrewyong/Pictures/GooglePhotos/library/2004-05-27/ZS 36-12-13.jpg,"a scanned comic book page with illustrated panels, cartoon drawings, and speech bubbles",0.999989,0.999989,True
/Users/andrewyong/Pictures/GooglePhotos/library/2016-08-22/61-2-Timothy-FNL.jpg,"a scanned comic book page with illustrated panels, cartoon drawings, and speech bubbles",0.999989,0.999989,True
/Users/andrewyong/Pictures/GooglePhotos/library/2016-09-16/YD 38-02-23.jpg,"a scanned comic book page with illustrated panels, cartoon drawings, and speech bubbles",0.999988,0.999988,True
/Users/andrewyong/Pictures/GooglePhotos/library/2016-09-16/YD 38-02-19.jpg,"a scanned comic book page with illustrated panels, cartoon drawings, and speech bubbles",0.999987,0.999987,True
/Users/andrewyong/Pictures/GooglePhotos/library/2016-09-16/YD 38-03-11.jpg,"a scanned comic book page with illustrated panels, cartoon drawings, and speech bubbles",0.999986,0.999986,True
/Users/andrewyong/Pictures/GooglePhotos/library/2016-09-16/YD 38-07-27.jpg,"a scanned comic book page with illustrated panels, cartoon drawings, and speech bubbles",0.999985,0.999985,True
/Users/andrewyong/Pictures/GooglePhotos/library/2016-09-16/YD 38-02-12.jpg,"a scanned comic book page with illustrated panels, cartoon drawings, and speech bubbles",0.999985,0.999985,True
/Users/andrewyong/Pictures/GooglePhotos/library/2016-09-16/YD 38-03-08.jpg,"a scanned comic book page with illustrated panels, cartoon drawings, and speech bubbles",0.999985,0.999985,True
/Users/andrewyong/Pictures/GooglePhotos/library/2016-09-16/YD 38-02-22.jpg,"a scanned comic book page with illustrated panels, cartoon drawings, and speech bubbles",0.999983,0.999983,True
/Users/andrewyong/Pictures/GooglePhotos/library/2004-05-23/ZS 37-02-21.jpg,"a scanned comic book page with illustrated panels, cartoon drawings, and speech bubbles",0.999983,0.999983,True
/Users/andrewyong/Pictures/GooglePhotos/library/2016-01-05/21-Song-of-Songs-FNL.jpg,"a scanned comic book page with illustrated panels, cartoon drawings, and speech bubbles",0.999983,0.999983,True
/Users/andrewyong/Pictures/GooglePhotos/library/2004-05-18/ZS 37-05-02.jpg,"a scanned comic book page with illustrated panels, cartoon drawings, and speech bubbles",0.999981,0.999981,True
/Users/andrewyong/Pictures/GooglePhotos/library/2016-08-22/56-Philippians-FNL.jpg,"a scanned comic book page with illustrated panels, cartoon drawings, and speech bubbles",0.999980,0.999980,True
/Users/andrewyong/Pictures/GooglePhotos/library/2024-10-10/IMG_0082.HEIC,"a scanned comic book page with illustrated panels, cartoon drawings, and speech bubbles",0.999979,0.999979,True
/Users/andrewyong/Pictures/GooglePhotos/library/2016-09-16/YD 38-02-09.jpg,"a scanned comic book page with illustrated panels, cartoon drawings, and speech bubbles",0.999979,0.999979,True
/Users/andrewyong/Pictures/GooglePhotos/library/2016-09-16/YD 38-02-24.jpg,"a scanned comic book page with illustrated panels, cartoon drawings, and speech bubbles",0.999979,0.999979,True
/Users/andrewyong/Pictures/GooglePhotos/library/2016-09-16/US_Adv_35-27_quiz.jpg,"a scanned comic book page with illustrated panels, cartoon drawings, and speech bubbles",0.999979,0.999979,True
/Users/andrewyong/Pictures/GooglePhotos/library/2016-09-16/YD 38-02-15.jpg,"a scanned comic book page with illustrated panels, cartoon drawings, and speech bubbles",0.999979,0.999979,True
/Users/andrewyong/Pictures/GooglePhotos/library/2024-10-10/IMG_0078.HEIC,"a scanned comic book page with illustrated panels, cartoon drawings, and speech bubbles",0.999978,0.999978,True
/Users/andrewyong/Pictures/GooglePhotos/library/2016-09-16/US_Adv_35-00fc.jpg,"a scanned comic book page with illustrated panels, cartoon drawings, and speech bubbles",0.999976,0.999976,True
/Users/andrewyong/Pictures/GooglePhotos/library/2016-09-16/YD 38-02-21.jpg,"a scanned comic book page with illustrated panels, cartoon drawings, and speech bubbles",0.999975,0.999975,True
/Users/andrewyong/Pictures/GooglePhotos/library/2011-05-24/Boom Blast_16.jpg,"a scanned comic book page with illustrated panels, cartoon drawings, and speech bubbles",0.999975,0.999975,True
/Users/andrewyong/Pictures/GooglePhotos/library/2016-08-22/50-51-Romans-FNL.jpg,"a scanned comic book page with illustrated panels, cartoon drawings, and speech bubbles",0.999975,0.999975,True
/Users/andrewyong/Pictures/GooglePhotos/library/2004-05-27/ZS 36-11-29.jpg,"a scanned comic book page with illustrated panels, cartoon drawings, and speech bubbles",0.999974,0.999974,True
/Users/andrewyong/Pictures/GooglePhotos/library/2016-09-16/YD 38-02-25.jpg,"a scanned comic book page with illustrated panels, cartoon drawings, and speech bubbles",0.999971,0.999971,True
/Users/andrewyong/Pictures/GooglePhotos/library/2016-09-16/YD 38-03-12.jpg,"a scanned comic book page with illustrated panels, cartoon drawings, and speech bubbles",0.999966,0.999966,True
/Users/andrewyong/Pictures/GooglePhotos/library/2016-09-16/YD 38-03-19.jpg,"a scanned comic book page with illustrated panels, cartoon drawings, and speech bubbles",0.999963,0.999963,True
/Users/andrewyong/Pictures/GooglePhotos/library/2016-09-16/YD 38-02-18.jpg,"a scanned comic book page with illustrated panels, cartoon drawings, and speech bubbles",0.999955,0.999955,True
/Users/andrewyong/Pictures/GooglePhotos/library/2002-11-15/02.jpg,"a scanned comic book page with illustrated panels, cartoon drawings, and speech bubbles",0.999954,0.999954,True
/Users/andrewyong/Pictures/GooglePhotos/library/2011-05-24/Boom Blast_28_BC.jpg,"a scanned comic book page with illustrated panels, cartoon drawings, and speech bubbles",0.999953,0.999953,True
/Users/andrewyong/Pictures/GooglePhotos/library/2025-03-21/IMG_0804.HEIC,"a scanned comic book page with illustrated panels, cartoon drawings, and speech bubbles",0.999947,0.999947,True
/Users/andrewyong/Pictures/GooglePhotos/library/2016-09-16/YD 38-03-02.jpg,"a scanned comic book page with illustrated panels, cartoon drawings, and speech bubbles",0.999946,0.999946,True
/Users/andrewyong/Pictures/GooglePhotos/library/2011-05-24/Boom Blast_01_FC.jpg,"a scanned comic book page with illustrated panels, cartoon drawings, and speech bubbles",0.999944,0.999944,True
/Users/andrewyong/Pictures/GooglePhotos/library/2011-05-24/Boom Blast_25.jpg,"a scanned comic book page with illustrated panels, cartoon drawings, and speech bubbles",0.999944,0.999944,True
/Users/andrewyong/Pictures/GooglePhotos/library/2016-09-16/YD 38-03-21.jpg,"a scanned comic book page with illustrated panels, cartoon drawings, and speech bubbles",0.999905,0.999905,True
/Users/andrewyong/Pictures/GooglePhotos/library/2025-01-30/IMG_0538.HEIC,"a scanned comic book page with illustrated panels, cartoon drawings, and speech bubbles",0.999881,0.999881,True
/Users/andrewyong/Pictures/GooglePhotos/library/2016-09-16/YD 38-03-17.jpg,"a scanned comic book page with illustrated panels, cartoon drawings, and speech bubbles",0.999878,0.999878,True
/Users/andrewyong/Pictures/GooglePhotos/library/2016-09-16/YD 38-03-05.jpg,"a scanned comic book page with illustrated panels, cartoon drawings, and speech bubbles",0.999872,0.999872,True
/Users/andrewyong/Pictures/GooglePhotos/library/2016-02-18/06-Numbers-FNL-1.jpg,"a scanned comic book page with illustrated panels, cartoon drawings, and speech bubbles",0.999866,0.999866,True
/Users/andrewyong/Pictures/GooglePhotos/library/2016-09-16/YD 38-03-31.jpg,"a scanned comic book page with illustrated panels, cartoon drawings, and speech bubbles",0.999845,0.999845,True
/Users/andrewyong/Pictures/GooglePhotos/library/2016-01-05/63-Hebrews-FNL.jpeg,"a scanned comic book page with illustrated panels, cartoon drawings, and speech bubbles",0.999825,0.999825,True
/Users/andrewyong/Pictures/GooglePhotos/library/2011-05-24/Boom Blast_26.jpg,"a scanned comic book page with illustrated panels, cartoon drawings, and speech bubbles",0.999803,0.999803,True
/Users/andrewyong/Pictures/GooglePhotos/library/2025-03-21/IMG_0803.HEIC,"a scanned comic book page with illustrated panels, cartoon drawings, and speech bubbles",0.999763,0.999763,True
/Users/andrewyong/Pictures/GooglePhotos/library/2016-09-16/YD 38-02-14.jpg,"a scanned comic book page with illustrated panels, cartoon drawings, and speech bubbles",0.999748,0.999748,True
/Users/andrewyong/Pictures/GooglePhotos/library/2016-01-05/52-53-Corinthians.jpg,"a scanned comic book page with illustrated panels, cartoon drawings, and speech bubbles",0.999695,0.999695,True
/Users/andrewyong/Pictures/GooglePhotos/library/2016-09-16/US_Adv_35-30_ad.jpg,"a scanned comic book page with illustrated panels, cartoon drawings, and speech bubbles",0.999670,0.999670,True
/Users/andrewyong/Pictures/GooglePhotos/library/2011-05-24/Boom Blast_27.jpg,"a scanned comic book page with illustrated panels, cartoon drawings, and speech bubbles",0.999331,0.999331,True
/Users/andrewyong/Pictures/GooglePhotos/library/2025-03-21/IMG_0802.HEIC,"a scanned comic book page with illustrated panels, cartoon drawings, and speech bubbles",0.999261,0.999261,True
